{
	"format_version": "1.12.0",
	"minecraft:geometry": [
		{
			"description": {
				"identifier": "geometry.unknown",
				"texture_width": 16,
				"texture_height": 16,
				"visible_bounds_width": 3,
				"visible_bounds_height": 3.5,
				"visible_bounds_offset": [0, 1.25, 0]
			},
			"bones": [
				{
					"name": "bone5",
					"pivot": [-1, 18, 1],
					"rotation": [0, -90, 0],
					"cubes": [
						{
							"origin": [-3, 12, -3],
							"size": [4, 12, 8],
							"uv": {
								"north": {"uv": [0, 0], "uv_size": [4, 12]},
								"east": {"uv": [0, 0], "uv_size": [8, 12]},
								"south": {"uv": [0, 0], "uv_size": [4, 12]},
								"west": {"uv": [0, 0], "uv_size": [8, 12]},
								"up": {"uv": [4, 8], "uv_size": [-4, -8]},
								"down": {"uv": [4, 8], "uv_size": [-4, -8]}
							}
						}
					]
				},
				{
					"name": "zuotui",
					"parent": "bone5",
					"pivot": [-1, 12, -1],
					"cubes": [
						{
							"origin": [-3, 6, -3],
							"size": [4, 6, 4],
							"uv": {
								"north": {"uv": [0, 0], "uv_size": [4, 6]},
								"east": {"uv": [0, 0], "uv_size": [4, 6]},
								"south": {"uv": [0, 0], "uv_size": [4, 6]},
								"west": {"uv": [0, 0], "uv_size": [4, 6]},
								"up": {"uv": [4, 4], "uv_size": [-4, -4]},
								"down": {"uv": [4, 4], "uv_size": [-4, -4]}
							}
						}
					]
				},
				{
					"name": "bone2",
					"parent": "zuotui",
					"pivot": [-1, 5.5, -1],
					"cubes": [
						{
							"origin": [-3, 0, -3],
							"size": [4, 6, 4],
							"uv": {
								"north": {"uv": [0, 0], "uv_size": [4, 6]},
								"east": {"uv": [0, 0], "uv_size": [4, 6]},
								"south": {"uv": [0, 0], "uv_size": [4, 6]},
								"west": {"uv": [0, 0], "uv_size": [4, 6]},
								"up": {"uv": [4, 4], "uv_size": [-4, -4]},
								"down": {"uv": [4, 4], "uv_size": [-4, -4]}
							}
						}
					]
				},
				{
					"name": "youshuo",
					"parent": "bone5",
					"pivot": [-1, 22, -5],
					"cubes": [
						{
							"origin": [-3, 18, -7],
							"size": [4, 6, 4],
							"uv": {
								"north": {"uv": [0, 0], "uv_size": [4, 6]},
								"east": {"uv": [0, 0], "uv_size": [4, 6]},
								"south": {"uv": [0, 0], "uv_size": [4, 6]},
								"west": {"uv": [0, 0], "uv_size": [4, 6]},
								"up": {"uv": [4, 4], "uv_size": [-4, -4]},
								"down": {"uv": [4, 4], "uv_size": [-4, -4]}
							}
						}
					]
				},
				{
					"name": "bone7",
					"parent": "youshuo",
					"pivot": [-1, 17.5, -5],
					"cubes": [
						{
							"origin": [-3, 12, -7],
							"size": [4, 6, 4],
							"uv": {
								"north": {"uv": [0, 0], "uv_size": [4, 6]},
								"east": {"uv": [0, 0], "uv_size": [4, 6]},
								"south": {"uv": [0, 0], "uv_size": [4, 6]},
								"west": {"uv": [0, 0], "uv_size": [4, 6]},
								"up": {"uv": [4, 4], "uv_size": [-4, -4]},
								"down": {"uv": [4, 4], "uv_size": [-4, -4]}
							}
						}
					]
				},
				{
					"name": "zuoshou",
					"parent": "bone5",
					"pivot": [-1, 22, 7],
					"cubes": [
						{
							"origin": [-3, 18, 5],
							"size": [4, 6, 4],
							"uv": {
								"north": {"uv": [0, 0], "uv_size": [4, 6]},
								"east": {"uv": [0, 0], "uv_size": [4, 6]},
								"south": {"uv": [0, 0], "uv_size": [4, 6]},
								"west": {"uv": [0, 0], "uv_size": [4, 6]},
								"up": {"uv": [4, 4], "uv_size": [-4, -4]},
								"down": {"uv": [4, 4], "uv_size": [-4, -4]}
							}
						}
					]
				},
				{
					"name": "bone9",
					"parent": "zuoshou",
					"pivot": [-1, 17.5, 7],
					"cubes": [
						{
							"origin": [-3, 12, 5],
							"size": [4, 6, 4],
							"uv": {
								"north": {"uv": [0, 0], "uv_size": [4, 6]},
								"east": {"uv": [0, 0], "uv_size": [4, 6]},
								"south": {"uv": [0, 0], "uv_size": [4, 6]},
								"west": {"uv": [0, 0], "uv_size": [4, 6]},
								"up": {"uv": [4, 4], "uv_size": [-4, -4]},
								"down": {"uv": [4, 4], "uv_size": [-4, -4]}
							}
						}
					]
				},
				{
					"name": "hand",
					"parent": "bone9",
					"pivot": [-1, 14.5, 7],
					"cubes": [
						{
							"origin": [-14, 13.5, 6],
							"size": [14, 3, 2],
							"uv": {
								"north": {"uv": [0, 0], "uv_size": [14, 3]},
								"east": {"uv": [0, 0], "uv_size": [2, 3]},
								"south": {"uv": [0, 0], "uv_size": [14, 3]},
								"west": {"uv": [0, 0], "uv_size": [2, 3]},
								"up": {"uv": [14, 2], "uv_size": [-14, -2]},
								"down": {"uv": [14, 2], "uv_size": [-14, -2]}
							}
						}
					]
				},
				{
					"name": "youtui",
					"parent": "bone5",
					"pivot": [-1, 12, 3],
					"cubes": [
						{
							"origin": [-3, 6, 1],
							"size": [4, 6, 4],
							"uv": {
								"north": {"uv": [0, 0], "uv_size": [4, 6]},
								"east": {"uv": [0, 0], "uv_size": [4, 6]},
								"south": {"uv": [0, 0], "uv_size": [4, 6]},
								"west": {"uv": [0, 0], "uv_size": [4, 6]},
								"up": {"uv": [4, 4], "uv_size": [-4, -4]},
								"down": {"uv": [4, 4], "uv_size": [-4, -4]}
							}
						}
					]
				},
				{
					"name": "bone4",
					"parent": "youtui",
					"pivot": [-1, 5.5, 3],
					"cubes": [
						{
							"origin": [-3, 0, 1],
							"size": [4, 6, 4],
							"uv": {
								"north": {"uv": [0, 0], "uv_size": [4, 6]},
								"east": {"uv": [0, 0], "uv_size": [4, 6]},
								"south": {"uv": [0, 0], "uv_size": [4, 6]},
								"west": {"uv": [0, 0], "uv_size": [4, 6]},
								"up": {"uv": [4, 4], "uv_size": [-4, -4]},
								"down": {"uv": [4, 4], "uv_size": [-4, -4]}
							}
						}
					]
				},
				{
					"name": "tou",
					"parent": "bone5",
					"pivot": [-1, 24, 1],
					"cubes": [
						{
							"origin": [-5, 24, -3],
							"size": [8, 8, 8],
							"uv": {
								"north": {"uv": [0, 0], "uv_size": [8, 8]},
								"east": {"uv": [0, 0], "uv_size": [8, 8]},
								"south": {"uv": [0, 0], "uv_size": [8, 8]},
								"west": {"uv": [0, 0], "uv_size": [8, 8]},
								"up": {"uv": [8, 8], "uv_size": [-8, -8]},
								"down": {"uv": [8, 8], "uv_size": [-8, -8]}
							}
						}
					]
				}
			]
		}
	]
}