{
	"format_version": "1.12.0",
	"minecraft:geometry": [
		{
			"description": {
				"identifier": "geometry.steve",
				"texture_width": 90,
				"texture_height": 90,
				"visible_bounds_width": 3,
				"visible_bounds_height": 3,
				"visible_bounds_offset": [0, 1.5, 0]
			},
			"bones": [
				{
					"name": "Root",
					"pivot": [0, 0, 0]
				},
				{
					"name": "MAllBody",
					"parent": "Root",
					"pivot": [0, 12, 0]
				},
				{
					"name": "AllBody",
					"parent": "MAllBody",
					"pivot": [0, 12, 0]
				},
				{
					"name": "UpBody",
					"parent": "AllBody",
					"pivot": [0, 12, 0],
					"cubes": [
						{
							"origin": [-4, 12, -2],
							"size": [8, 6, 4],
							"inflate": 0.25,
							"uv": {
								"north": {"uv": [28.125, 59.0625], "uv_size": [11.25, 8.4375]},
								"east": {"uv": [22.5, 59.0625], "uv_size": [5.625, 8.4375]},
								"south": {"uv": [45, 59.0625], "uv_size": [11.25, 8.4375]},
								"west": {"uv": [39.375, 59.0625], "uv_size": [5.625, 8.4375]},
								"up": {"uv": [78.75, 61.875], "uv_size": [11.25, 5.625]},
								"down": {"uv": [39.375, 50.625], "uv_size": [11.25, -5.625]}
							}
						},
						{
							"origin": [-4, 12, -2],
							"size": [8, 6, 4],
							"uv": {
								"north": {"uv": [28.125, 36.5625], "uv_size": [11.25, 8.4375]},
								"east": {"uv": [22.5, 36.5625], "uv_size": [5.625, 8.4375]},
								"south": {"uv": [45, 36.5625], "uv_size": [11.25, 8.4375]},
								"west": {"uv": [39.375, 36.5625], "uv_size": [5.625, 8.4375]},
								"up": {"uv": [39.375, 22.5], "uv_size": [11.25, 5.625]},
								"down": {"uv": [39.375, 28.125], "uv_size": [11.25, -5.625]}
							}
						}
					]
				},
				{
					"name": "UpperBody",
					"parent": "UpBody",
					"pivot": [0, 18, 0],
					"rotation": [2.5, 0, 0],
					"cubes": [
						{
							"origin": [-4, 18, -2],
							"size": [8, 6, 4],
							"uv": {
								"north": {"uv": [28.125, 28.125], "uv_size": [11.25, 8.4375]},
								"east": {"uv": [22.5, 28.125], "uv_size": [5.625, 8.4375]},
								"south": {"uv": [45, 28.125], "uv_size": [11.25, 8.4375]},
								"west": {"uv": [39.375, 28.125], "uv_size": [5.625, 8.4375]},
								"up": {"uv": [28.125, 22.5], "uv_size": [11.25, 5.625]},
								"down": {"uv": [39.375, 28.125], "uv_size": [11.25, -5.625]}
							}
						}
					]
				},
				{
					"name": "LeftWaistLocator",
					"parent": "UpperBody",
					"pivot": [4, 13, 0],
					"rotation": [-20, 0, 0]
				},
				{
					"name": "RightWaistLocator",
					"parent": "UpperBody",
					"pivot": [-4, 13, 0],
					"rotation": [-5, 0, 0]
				},
				{
					"name": "AllHead",
					"parent": "UpperBody",
					"pivot": [0, 24, 0]
				},
				{
					"name": "MHead",
					"parent": "AllHead",
					"pivot": [0, 24, 0]
				},
				{
					"name": "Head",
					"parent": "MHead",
					"pivot": [0, 24, 0],
					"cubes": [
						{
							"origin": [-4, 24, -4],
							"size": [8, 8, 8],
							"uv": {
								"north": {"uv": [11.25, 11.25], "uv_size": [11.25, 11.25]},
								"east": {"uv": [0, 11.25], "uv_size": [11.25, 11.25]},
								"south": {"uv": [33.75, 11.25], "uv_size": [11.25, 11.25]},
								"west": {"uv": [22.5, 11.25], "uv_size": [11.25, 11.25]},
								"up": {"uv": [11.25, 0], "uv_size": [11.25, 11.25]},
								"down": {"uv": [22.5, 11.25], "uv_size": [11.25, -11.25]}
							}
						}
					]
				},
				{
					"name": "Hat",
					"parent": "Head",
					"pivot": [0, 24, 0],
					"cubes": [
						{
							"origin": [-4, 24, -4],
							"size": [8, 8, 8],
							"inflate": 0.5,
							"uv": {
								"north": {"uv": [56.25, 11.25], "uv_size": [11.25, 11.25]},
								"east": {"uv": [45, 11.25], "uv_size": [11.25, 11.25]},
								"south": {"uv": [78.75, 11.25], "uv_size": [11.25, 11.25]},
								"west": {"uv": [67.5, 11.25], "uv_size": [11.25, 11.25]},
								"up": {"uv": [56.25, 0], "uv_size": [11.25, 11.25]},
								"down": {"uv": [67.5, 11.25], "uv_size": [11.25, -11.25]}
							}
						}
					]
				},
				{
					"name": "Face",
					"parent": "Head",
					"pivot": [0, 24, 0]
				},
				{
					"name": "Eyes",
					"parent": "Face",
					"pivot": [0, 26.95, 2.5]
				},
				{
					"name": "Eyelid",
					"parent": "Eyes",
					"pivot": [0, 26.95, 2.5]
				},
				{
					"name": "RightEyelid",
					"parent": "Eyelid",
					"pivot": [-1.5, 26.15, -0.525],
					"cubes": [
						{
							"origin": [-2.5, 25.94, -1.025],
							"size": [2, 2.02, 1],
							"uv": {
								"north": {"uv": [81.5625, 1.40625], "uv_size": [2.8125, 2.84063]},
								"east": {"uv": [80.15625, 1.40625], "uv_size": [1.40625, 2.8125]},
								"south": {"uv": [85.78125, 1.40625], "uv_size": [2.8125, 2.8125]},
								"west": {"uv": [84.375, 1.40625], "uv_size": [1.40625, 2.8125]},
								"up": {"uv": [81.5625, 0], "uv_size": [2.8125, 1.40625]},
								"down": {"uv": [84.375, 1.40625], "uv_size": [2.8125, -1.40625]}
							}
						}
					]
				},
				{
					"name": "RightEyelidBase",
					"parent": "RightEyelid",
					"pivot": [-1.325, 26.95, -0.575],
					"cubes": [
						{
							"origin": [-2.025, 25.95, -1.075],
							"size": [1.4, 2, 1],
							"uv": {
								"north": {"uv": [81.5625, 1.40625], "uv_size": [1.96875, 2.8125]},
								"east": {"uv": [80.15625, 1.40625], "uv_size": [1.40625, 2.8125]},
								"south": {"uv": [84.375, 1.40625], "uv_size": [1.40625, 2.8125]},
								"west": {"uv": [82.96875, 1.40625], "uv_size": [1.40625, 2.8125]},
								"up": {"uv": [81.5625, 0], "uv_size": [1.40625, 1.40625]},
								"down": {"uv": [82.96875, 1.40625], "uv_size": [1.40625, -1.40625]}
							}
						}
					]
				},
				{
					"name": "RightPupil",
					"parent": "RightEyelidBase",
					"pivot": [-1.3275, 26.9375, -0.6075],
					"cubes": [
						{
							"origin": [-1.505, 26.76, -1.12],
							"size": [0.35, 0.63, 1],
							"uv": {
								"north": {"uv": [82.26563, 2.10938], "uv_size": [0.49218, 0.88593]},
								"east": {"uv": [80.85938, 2.10938], "uv_size": [1.40625, 0]},
								"south": {"uv": [83.67188, 2.10938], "uv_size": [0, 0]},
								"west": {"uv": [82.26563, 2.10938], "uv_size": [1.40625, 0]},
								"up": {"uv": [82.26563, 0.70313], "uv_size": [0, 1.40625]},
								"down": {"uv": [82.26563, 2.10938], "uv_size": [0, -1.40625]}
							}
						},
						{
							"origin": [-1.575, 26.66, -1.095],
							"size": [0.5, 0.8, 1],
							"uv": {
								"north": {"uv": [82.26563, 2.10938], "uv_size": [0.70312, 1.125]},
								"east": {"uv": [80.85938, 2.10938], "uv_size": [1.40625, 0]},
								"south": {"uv": [83.67188, 2.10938], "uv_size": [0, 0]},
								"west": {"uv": [82.26563, 2.10938], "uv_size": [1.40625, 0]},
								"up": {"uv": [82.26563, 0.70313], "uv_size": [0, 1.40625]},
								"down": {"uv": [82.26563, 2.10938], "uv_size": [0, -1.40625]}
							}
						}
					]
				},
				{
					"name": "RightEyesDot",
					"parent": "RightEyelidBase",
					"pivot": [-3.82, 26.7925, -0.9925],
					"cubes": [
						{
							"origin": [-1, 27.3, -1.1],
							"size": [0.46, 0.25, 0.2],
							"uv": {
								"north": {"uv": [82.26563, 0.70313], "uv_size": [0.64687, 0.35156]},
								"east": {"uv": [82.26563, 0.70313], "uv_size": [0, 0]},
								"south": {"uv": [82.26563, 0.70313], "uv_size": [0, 0]},
								"west": {"uv": [82.26563, 0.70313], "uv_size": [0, 0]},
								"up": {"uv": [82.26563, 0.70313], "uv_size": [0, 0]},
								"down": {"uv": [82.26563, 0.70313], "uv_size": [0, 0]}
							}
						},
						{
							"origin": [-2.025, 25.96, -1.085],
							"size": [1.4, 0.45, 0.2],
							"uv": {
								"north": {"uv": [80.85938, 2.10938], "uv_size": [1.96875, 0.63281]},
								"east": {"uv": [80.85938, 2.10938], "uv_size": [0, 0]},
								"south": {"uv": [82.26563, 2.10938], "uv_size": [1.40625, 0]},
								"west": {"uv": [82.26563, 2.10938], "uv_size": [0, 0]},
								"up": {"uv": [80.85938, 2.10938], "uv_size": [1.40625, 0]},
								"down": {"uv": [82.26563, 2.10938], "uv_size": [1.40625, 0]}
							}
						}
					]
				},
				{
					"name": "LeftEyelid",
					"parent": "Eyelid",
					"pivot": [1.5, 26.15, -0.525],
					"cubes": [
						{
							"origin": [0.5, 25.94, -1.025],
							"size": [2, 2.02, 1],
							"uv": {
								"north": {"uv": [81.5625, 1.40625], "uv_size": [2.8125, 2.84063]},
								"east": {"uv": [80.15625, 1.40625], "uv_size": [1.40625, 2.8125]},
								"south": {"uv": [85.78125, 1.40625], "uv_size": [2.8125, 2.8125]},
								"west": {"uv": [84.375, 1.40625], "uv_size": [1.40625, 2.8125]},
								"up": {"uv": [81.5625, 0], "uv_size": [2.8125, 1.40625]},
								"down": {"uv": [84.375, 1.40625], "uv_size": [2.8125, -1.40625]}
							}
						}
					]
				},
				{
					"name": "LeftEyelidBase",
					"parent": "LeftEyelid",
					"pivot": [1.325, 26.95, -0.575],
					"cubes": [
						{
							"origin": [0.625, 25.95, -1.075],
							"size": [1.4, 2, 1],
							"uv": {
								"north": {"uv": [81.5625, 1.40625], "uv_size": [1.96875, 2.8125]},
								"east": {"uv": [80.15625, 1.40625], "uv_size": [1.40625, 2.8125]},
								"south": {"uv": [84.375, 1.40625], "uv_size": [1.40625, 2.8125]},
								"west": {"uv": [82.96875, 1.40625], "uv_size": [1.40625, 2.8125]},
								"up": {"uv": [81.5625, 0], "uv_size": [1.40625, 1.40625]},
								"down": {"uv": [82.96875, 1.40625], "uv_size": [1.40625, -1.40625]}
							}
						}
					]
				},
				{
					"name": "LeftPupil",
					"parent": "LeftEyelidBase",
					"pivot": [1.3275, 26.9375, -0.6075],
					"cubes": [
						{
							"origin": [1.075, 26.66, -1.095],
							"size": [0.5, 0.8, 1],
							"uv": {
								"north": {"uv": [82.26563, 2.10938], "uv_size": [0.70312, 1.125]},
								"east": {"uv": [80.85938, 2.10938], "uv_size": [1.40625, 0]},
								"south": {"uv": [83.67188, 2.10938], "uv_size": [0, 0]},
								"west": {"uv": [82.26563, 2.10938], "uv_size": [1.40625, 0]},
								"up": {"uv": [82.26563, 0.70313], "uv_size": [0, 1.40625]},
								"down": {"uv": [82.26563, 2.10938], "uv_size": [0, -1.40625]}
							}
						},
						{
							"origin": [1.155, 26.76, -1.12],
							"size": [0.35, 0.63, 1],
							"uv": {
								"north": {"uv": [82.26563, 2.10938], "uv_size": [0.49218, 0.88593]},
								"east": {"uv": [80.85938, 2.10938], "uv_size": [1.40625, 0]},
								"south": {"uv": [83.67188, 2.10938], "uv_size": [0, 0]},
								"west": {"uv": [82.26563, 2.10938], "uv_size": [1.40625, 0]},
								"up": {"uv": [82.26563, 0.70313], "uv_size": [0, 1.40625]},
								"down": {"uv": [82.26563, 2.10938], "uv_size": [0, -1.40625]}
							}
						}
					]
				},
				{
					"name": "LeftEyesDot",
					"parent": "LeftEyelidBase",
					"pivot": [1.5675, 26.7925, -0.9925],
					"cubes": [
						{
							"origin": [0.625, 25.96, -1.085],
							"size": [1.4, 0.45, 0.2],
							"uv": {
								"north": {"uv": [80.85938, 2.10938], "uv_size": [1.96875, 0.63281]},
								"east": {"uv": [80.85938, 2.10938], "uv_size": [0, 0]},
								"south": {"uv": [82.26563, 2.10938], "uv_size": [1.40625, 0]},
								"west": {"uv": [82.26563, 2.10938], "uv_size": [0, 0]},
								"up": {"uv": [80.85938, 2.10938], "uv_size": [1.40625, 0]},
								"down": {"uv": [82.26563, 2.10938], "uv_size": [1.40625, 0]}
							}
						},
						{
							"origin": [1.625, 27.3, -1.1],
							"size": [0.46, 0.25, 0.2],
							"uv": {
								"north": {"uv": [82.26563, 0.70313], "uv_size": [0.64687, 0.35156]},
								"east": {"uv": [82.26563, 0.70313], "uv_size": [0, 0]},
								"south": {"uv": [82.26563, 0.70313], "uv_size": [0, 0]},
								"west": {"uv": [82.26563, 0.70313], "uv_size": [0, 0]},
								"up": {"uv": [82.26563, 0.70313], "uv_size": [0, 0]},
								"down": {"uv": [82.26563, 0.70313], "uv_size": [0, 0]}
							}
						}
					]
				},
				{
					"name": "LeftEyebrow",
					"parent": "Eyes",
					"pivot": [1.875, 27.75, -0.7],
					"cubes": [
						{
							"origin": [0.375, 27.75, -1.2],
							"size": [2.3, 1, 1],
							"uv": {
								"north": {"uv": [81.5625, 1.40625], "uv_size": [3.23438, 1.40625]},
								"east": {"uv": [80.15625, 1.40625], "uv_size": [1.40625, 1.40625]},
								"south": {"uv": [85.78125, 1.40625], "uv_size": [2.8125, 1.40625]},
								"west": {"uv": [84.375, 1.40625], "uv_size": [1.40625, 1.40625]},
								"up": {"uv": [81.5625, 0], "uv_size": [2.8125, 1.40625]},
								"down": {"uv": [84.375, 1.40625], "uv_size": [2.8125, -1.40625]}
							}
						},
						{
							"origin": [2.35, 27.475, -1.375],
							"size": [1.1, 1, 1],
							"uv": {
								"north": {"uv": [81.5625, 1.40625], "uv_size": [1.54688, 1.40625]},
								"east": {"uv": [80.15625, 1.40625], "uv_size": [1.40625, 1.40625]},
								"south": {"uv": [84.375, 1.40625], "uv_size": [1.40625, 1.40625]},
								"west": {"uv": [82.96875, 1.40625], "uv_size": [1.40625, 1.40625]},
								"up": {"uv": [81.5625, 0], "uv_size": [1.40625, 1.40625]},
								"down": {"uv": [82.96875, 1.40625], "uv_size": [1.40625, -1.40625]}
							}
						}
					]
				},
				{
					"name": "RightEyebrow",
					"parent": "Eyes",
					"pivot": [-1.875, 27.75, -0.7],
					"cubes": [
						{
							"origin": [-2.675, 27.75, -1.2],
							"size": [2.3, 1, 1],
							"uv": {
								"north": {"uv": [81.5625, 1.40625], "uv_size": [3.23438, 1.40625]},
								"east": {"uv": [80.15625, 1.40625], "uv_size": [1.40625, 1.40625]},
								"south": {"uv": [85.78125, 1.40625], "uv_size": [2.8125, 1.40625]},
								"west": {"uv": [84.375, 1.40625], "uv_size": [1.40625, 1.40625]},
								"up": {"uv": [81.5625, 0], "uv_size": [2.8125, 1.40625]},
								"down": {"uv": [84.375, 1.40625], "uv_size": [2.8125, -1.40625]}
							}
						},
						{
							"origin": [-3.45, 27.475, -1.375],
							"size": [1.1, 1, 1],
							"uv": {
								"north": {"uv": [81.5625, 1.40625], "uv_size": [1.54688, 1.40625]},
								"east": {"uv": [80.15625, 1.40625], "uv_size": [1.40625, 1.40625]},
								"south": {"uv": [84.375, 1.40625], "uv_size": [1.40625, 1.40625]},
								"west": {"uv": [82.96875, 1.40625], "uv_size": [1.40625, 1.40625]},
								"up": {"uv": [81.5625, 0], "uv_size": [1.40625, 1.40625]},
								"down": {"uv": [82.96875, 1.40625], "uv_size": [1.40625, -1.40625]}
							}
						}
					]
				},
				{
					"name": "Jacket",
					"parent": "UpperBody",
					"pivot": [0, 24, 0],
					"cubes": [
						{
							"origin": [-4, 18, -2],
							"size": [8, 6, 4],
							"inflate": 0.25,
							"uv": {
								"north": {"uv": [28.125, 50.625], "uv_size": [11.25, 8.4375]},
								"east": {"uv": [22.5, 50.625], "uv_size": [5.625, 8.4375]},
								"south": {"uv": [45, 50.625], "uv_size": [11.25, 8.4375]},
								"west": {"uv": [39.375, 50.625], "uv_size": [5.625, 8.4375]},
								"up": {"uv": [28.125, 45], "uv_size": [11.25, 5.625]},
								"down": {"uv": [78.75, 61.875], "uv_size": [11.25, -5.625]}
							}
						}
					]
				},
				{
					"name": "cape",
					"parent": "UpperBody",
					"pivot": [0, 24, -3]
				},
				{
					"name": "Arm",
					"parent": "UpperBody",
					"pivot": [0, 22, 0]
				},
				{
					"name": "RightArm",
					"parent": "Arm",
					"pivot": [-5, 21.5, 0],
					"rotation": [7.5, 0, 0],
					"cubes": [
						{
							"origin": [-7, 17.5, -2],
							"size": [3, 6, 4],
							"uv": {
								"north": {"uv": [61.875, 28.125], "uv_size": [4.21875, 8.4375]},
								"east": {"uv": [56.25, 28.125], "uv_size": [5.625, 8.4375]},
								"south": {"uv": [70.3125, 28.125], "uv_size": [5.625, 8.4375]},
								"west": {"uv": [66.09375, 28.125], "uv_size": [4.21875, 8.4375]},
								"up": {"uv": [61.875, 22.5], "uv_size": [4.21875, 5.625]},
								"down": {"uv": [66.09375, 28.125], "uv_size": [4.21875, -5.625]}
							}
						},
						{
							"origin": [-6.95, 16.75, 0.325],
							"size": [2.875, 2.65, 2.475],
							"pivot": [-6, 19.575, 0.2],
							"rotation": [-45, 0, 0],
							"uv": {
								"north": {"uv": [67.5, 33.75], "uv_size": [-5.625, 4.21875]},
								"east": {"uv": [73.125, 33.75], "uv_size": [-5.625, 4.21875]},
								"south": {"uv": [78.75, 33.75], "uv_size": [-5.625, 4.21875]},
								"west": {"uv": [61.875, 33.75], "uv_size": [-5.625, 4.21875]},
								"up": {"uv": [61.875, 37.96875], "uv_size": [5.625, -4.21875]},
								"down": {"uv": [67.39453, 37.96875], "uv_size": [5.625, -4.21875]}
							}
						}
					]
				},
				{
					"name": "RightSleeve",
					"parent": "RightArm",
					"pivot": [-5, 21.5, 0],
					"cubes": [
						{
							"origin": [-7, 17.5, -2],
							"size": [3, 6, 4],
							"inflate": 0.25,
							"uv": {
								"north": {"uv": [61.875, 50.625], "uv_size": [5.625, 8.4375]},
								"east": {"uv": [56.25, 50.625], "uv_size": [5.625, 8.4375]},
								"south": {"uv": [70.3125, 50.625], "uv_size": [5.625, 8.4375]},
								"west": {"uv": [67.5, 50.625], "uv_size": [5.625, 8.4375]},
								"up": {"uv": [61.875, 45], "uv_size": [5.625, 5.625]},
								"down": {"uv": [73.125, 50.625], "uv_size": [5.625, -5.625]}
							}
						}
					]
				},
				{
					"name": "RightForeArm",
					"parent": "RightArm",
					"pivot": [-6, 17.5, 0],
					"cubes": [
						{
							"origin": [-7, 11.5, -2],
							"size": [3, 6, 4],
							"uv": {
								"north": {"uv": [61.875, 36.5625], "uv_size": [4.21875, 8.4375]},
								"east": {"uv": [56.25, 36.5625], "uv_size": [5.625, 8.4375]},
								"south": {"uv": [70.3125, 36.5625], "uv_size": [5.625, 8.4375]},
								"west": {"uv": [66.09375, 36.5625], "uv_size": [4.21875, 8.4375]},
								"up": {"uv": [66.09375, 22.5], "uv_size": [4.21875, 5.625]},
								"down": {"uv": [67.5, 28.125], "uv_size": [5.625, -5.625]}
							}
						}
					]
				},
				{
					"name": "rightForeSleeve",
					"parent": "RightForeArm",
					"pivot": [-5, 15, 0],
					"cubes": [
						{
							"origin": [-7, 11, -2],
							"size": [3, 6, 4],
							"inflate": 0.25,
							"uv": {
								"north": {"uv": [61.875, 59.0625], "uv_size": [4.21875, 8.4375]},
								"east": {"uv": [56.25, 59.0625], "uv_size": [5.625, 8.4375]},
								"south": {"uv": [70.3125, 59.0625], "uv_size": [5.625, 8.4375]},
								"west": {"uv": [66.09375, 59.0625], "uv_size": [4.21875, 8.4375]},
								"up": {"uv": [56.25, 45], "uv_size": [5.625, 5.625]},
								"down": {"uv": [67.5, 50.625], "uv_size": [5.625, -5.625]}
							}
						}
					]
				},
				{
					"name": "RightHand",
					"parent": "RightForeArm",
					"pivot": [-6, 12.5, 0],
					"cubes": [
						{
							"origin": [-5, 9, -3],
							"size": [0, 6, 6],
							"inflate": 0.25,
							"uv": {
								"north": {"uv": [82.96875, 2.8125], "uv_size": [1.40625, 1.40625]},
								"east": {"uv": [80.15625, 2.8125], "uv_size": [2.8125, 1.40625]},
								"south": {"uv": [87.1875, 2.8125], "uv_size": [1.40625, 1.40625]},
								"west": {"uv": [84.375, 2.8125], "uv_size": [2.8125, 1.40625]},
								"up": {"uv": [82.96875, 0], "uv_size": [1.40625, 2.8125]},
								"down": {"uv": [84.375, 4.21875], "uv_size": [1.40625, -2.8125]}
							}
						}
					]
				},
				{
					"name": "RightHandLocator",
					"parent": "RightHand",
					"pivot": [-6, 12.5, 0]
				},
				{
					"name": "RightItem",
					"parent": "RightArm",
					"pivot": [-6, 14.5, 1]
				},
				{
					"name": "LeftArm",
					"parent": "Arm",
					"pivot": [5, 21.5, 0],
					"cubes": [
						{
							"origin": [4, 17.5, -2],
							"size": [3, 6, 4],
							"uv": {
								"north": {"uv": [50.625, 73.125], "uv_size": [4.21875, 8.4375]},
								"east": {"uv": [45, 73.125], "uv_size": [5.625, 8.4375]},
								"south": {"uv": [59.0625, 73.125], "uv_size": [5.625, 8.4375]},
								"west": {"uv": [54.84375, 73.125], "uv_size": [4.21875, 8.4375]},
								"up": {"uv": [50.625, 67.5], "uv_size": [4.21875, 5.625]},
								"down": {"uv": [54.84375, 73.125], "uv_size": [4.21875, -5.625]}
							}
						},
						{
							"origin": [4.075, 16.75, 0.325],
							"size": [2.875, 2.65, 2.475],
							"pivot": [6, 19.575, 0.2],
							"rotation": [-45, 0, 0],
							"uv": {
								"north": {"uv": [50.625, 78.75], "uv_size": [5.625, 4.21875]},
								"east": {"uv": [45, 78.75], "uv_size": [5.625, 4.21875]},
								"south": {"uv": [61.875, 78.75], "uv_size": [5.625, 4.21875]},
								"west": {"uv": [54.84375, 78.75], "uv_size": [4.21875, 4.21875]},
								"up": {"uv": [56.25, 82.96875], "uv_size": [-5.625, -4.21875]},
								"down": {"uv": [61.76953, 82.96875], "uv_size": [-5.625, -4.21875]}
							}
						}
					]
				},
				{
					"name": "LeftSleeve",
					"parent": "LeftArm",
					"pivot": [5, 21.5, 0],
					"cubes": [
						{
							"origin": [4, 17.5, -2],
							"size": [3, 6, 4],
							"inflate": 0.25,
							"uv": {
								"north": {"uv": [73.125, 73.125], "uv_size": [5.625, 8.4375]},
								"east": {"uv": [67.5, 73.125], "uv_size": [5.625, 8.4375]},
								"south": {"uv": [84.375, 73.125], "uv_size": [5.625, 8.4375]},
								"west": {"uv": [78.75, 73.125], "uv_size": [5.625, 8.4375]},
								"up": {"uv": [73.125, 67.5], "uv_size": [5.625, 5.625]},
								"down": {"uv": [84.375, 73.125], "uv_size": [5.625, -5.625]}
							}
						}
					]
				},
				{
					"name": "LeftForeArm",
					"parent": "LeftArm",
					"pivot": [6, 17.5, 0],
					"cubes": [
						{
							"origin": [4, 11.5, -2],
							"size": [3, 6, 4],
							"uv": {
								"north": {"uv": [50.625, 81.5625], "uv_size": [4.21875, 8.4375]},
								"east": {"uv": [45, 81.5625], "uv_size": [5.625, 8.4375]},
								"south": {"uv": [59.0625, 81.5625], "uv_size": [5.625, 8.4375]},
								"west": {"uv": [54.84375, 81.5625], "uv_size": [4.21875, 8.4375]},
								"up": {"uv": [54.84375, 67.5], "uv_size": [4.21875, 5.625]},
								"down": {"uv": [56.25, 73.125], "uv_size": [5.625, -5.625]}
							}
						}
					]
				},
				{
					"name": "LeftHand",
					"parent": "LeftForeArm",
					"pivot": [6, 11.5, 0],
					"cubes": [
						{
							"origin": [5, 9, -3],
							"size": [0, 6, 6],
							"inflate": 0.25,
							"uv": {
								"north": {"uv": [82.96875, 2.8125], "uv_size": [1.40625, 1.40625]},
								"east": {"uv": [80.15625, 2.8125], "uv_size": [2.8125, 1.40625]},
								"south": {"uv": [87.1875, 2.8125], "uv_size": [1.40625, 1.40625]},
								"west": {"uv": [84.375, 2.8125], "uv_size": [2.8125, 1.40625]},
								"up": {"uv": [82.96875, 0], "uv_size": [1.40625, 2.8125]},
								"down": {"uv": [84.375, 4.21875], "uv_size": [1.40625, -2.8125]}
							}
						}
					]
				},
				{
					"name": "LeftHandLocator",
					"parent": "LeftHand",
					"pivot": [6, 11.5, 0]
				},
				{
					"name": "LeftForeSleeve",
					"parent": "LeftForeArm",
					"pivot": [5, 15, 0],
					"cubes": [
						{
							"origin": [4, 11, -2],
							"size": [3, 6, 4],
							"inflate": 0.25,
							"uv": {
								"north": {"uv": [73.125, 81.5625], "uv_size": [5.625, 8.4375]},
								"east": {"uv": [67.5, 81.5625], "uv_size": [5.625, 8.4375]},
								"south": {"uv": [84.375, 81.5625], "uv_size": [5.625, 8.4375]},
								"west": {"uv": [78.75, 81.5625], "uv_size": [5.625, 8.4375]},
								"up": {"uv": [67.5, 67.5], "uv_size": [5.625, 5.625]},
								"down": {"uv": [78.75, 73.125], "uv_size": [5.625, -5.625]}
							}
						}
					]
				},
				{
					"name": "LeftItem",
					"parent": "LeftArm",
					"pivot": [6, 14.5, 1]
				},
				{
					"name": "ElytraLocator",
					"parent": "UpperBody",
					"pivot": [0, 23, 2]
				},
				{
					"name": "RifleLocator",
					"parent": "UpperBody",
					"pivot": [0, 18, 2],
					"rotation": [0, 0, 45]
				},
				{
					"name": "PistolLocator",
					"parent": "UpperBody",
					"pivot": [-4, 15, 0],
					"rotation": [-30, 0, 0]
				},
				{
					"name": "LeftShoulderLocator",
					"parent": "UpperBody",
					"pivot": [6, 23.75, 0]
				},
				{
					"name": "RightShoulderLocator",
					"parent": "UpperBody",
					"pivot": [-6, 23.75, 0]
				},
				{
					"name": "DownBody",
					"parent": "AllBody",
					"pivot": [0.1, 12, 0],
					"rotation": [15, 0, 0]
				},
				{
					"name": "LeftLeg",
					"parent": "DownBody",
					"pivot": [1.9, 12.07942, -0.00324],
					"cubes": [
						{
							"origin": [-0.1, 6.07942, -2.00324],
							"size": [4, 6, 4],
							"uv": {
								"north": {"uv": [28.125, 73.125], "uv_size": [5.625, 8.4375]},
								"east": {"uv": [22.5, 73.125], "uv_size": [5.625, 8.4375]},
								"south": {"uv": [39.375, 73.125], "uv_size": [5.625, 8.4375]},
								"west": {"uv": [33.75, 73.125], "uv_size": [5.625, 8.4375]},
								"up": {"uv": [28.125, 67.5], "uv_size": [5.625, 5.625]},
								"down": {"uv": [28.125, 73.125], "uv_size": [5.625, -5.625]}
							}
						},
						{
							"origin": [-0.075, 4, -2.80324],
							"size": [3.95, 2.9, 2.55],
							"pivot": [1.9, 4.6, 0],
							"rotation": [-60, 0, 0],
							"uv": {
								"north": {"uv": [28.125, 73.125], "uv_size": [5.625, 4.21875]},
								"east": {"uv": [22.5, 73.125], "uv_size": [5.625, 4.21875]},
								"south": {"uv": [39.375, 73.125], "uv_size": [5.625, 4.21875]},
								"west": {"uv": [33.75, 73.125], "uv_size": [5.625, 4.21875]},
								"up": {"uv": [28.125, 67.5], "uv_size": [5.625, 5.625]},
								"down": {"uv": [28.125, 73.125], "uv_size": [5.625, -5.625]}
							}
						}
					]
				},
				{
					"name": "LeftLowerPants",
					"parent": "LeftLeg",
					"pivot": [2, 12.07942, -0.00324],
					"cubes": [
						{
							"origin": [-0.1, 6.07942, -2.00324],
							"size": [4, 6, 4],
							"inflate": 0.25,
							"uv": {
								"north": {"uv": [5.625, 73.125], "uv_size": [5.625, 8.4375]},
								"east": {"uv": [0, 73.125], "uv_size": [5.625, 8.4375]},
								"south": {"uv": [16.875, 73.125], "uv_size": [5.625, 8.4375]},
								"west": {"uv": [11.25, 73.125], "uv_size": [5.625, 8.4375]},
								"up": {"uv": [5.625, 67.5], "uv_size": [5.625, 5.625]},
								"down": {"uv": [16.875, 73.125], "uv_size": [5.625, -5.625]}
							}
						}
					]
				},
				{
					"name": "LeftLowerLeg",
					"parent": "LeftLeg",
					"pivot": [2, 6.07942, -0.00324],
					"rotation": [15, 0, 0],
					"cubes": [
						{
							"origin": [-0.1, 0.07942, -2.00324],
							"size": [4, 6, 4],
							"uv": {
								"north": {"uv": [28.125, 81.5625], "uv_size": [5.625, 8.4375]},
								"east": {"uv": [22.5, 81.5625], "uv_size": [5.625, 8.4375]},
								"south": {"uv": [39.375, 81.5625], "uv_size": [5.625, 8.4375]},
								"west": {"uv": [33.75, 81.5625], "uv_size": [5.625, 8.4375]},
								"up": {"uv": [28.125, 67.5], "uv_size": [5.625, 5.625]},
								"down": {"uv": [33.75, 73.125], "uv_size": [5.625, -5.625]}
							}
						}
					]
				},
				{
					"name": "LeftPants",
					"parent": "LeftLowerLeg",
					"pivot": [2, 6.07942, -0.00324],
					"cubes": [
						{
							"origin": [-0.1, 0.07942, -2.00324],
							"size": [4, 6, 4],
							"inflate": 0.25,
							"uv": {
								"north": {"uv": [5.625, 81.5625], "uv_size": [5.625, 8.4375]},
								"east": {"uv": [0, 81.5625], "uv_size": [5.625, 8.4375]},
								"south": {"uv": [16.875, 81.5625], "uv_size": [5.625, 8.4375]},
								"west": {"uv": [11.25, 81.5625], "uv_size": [5.625, 8.4375]},
								"up": {"uv": [0, 67.5], "uv_size": [5.625, 5.625]},
								"down": {"uv": [11.25, 73.125], "uv_size": [5.625, -5.625]}
							}
						}
					]
				},
				{
					"name": "LeftFoot",
					"parent": "LeftLowerLeg",
					"pivot": [2, 1.07942, -0.00324],
					"cubes": [
						{
							"origin": [1, 1.07942, -1.00324],
							"size": [2, 2, 2],
							"uv": {
								"north": {"uv": [81.5625, 2.8125], "uv_size": [2.8125, 2.8125]},
								"east": {"uv": [78.75, 2.8125], "uv_size": [2.8125, 2.8125]},
								"south": {"uv": [87.1875, 2.8125], "uv_size": [2.8125, 2.8125]},
								"west": {"uv": [84.375, 2.8125], "uv_size": [2.8125, 2.8125]},
								"up": {"uv": [81.5625, 0], "uv_size": [2.8125, 2.8125]},
								"down": {"uv": [84.375, 2.8125], "uv_size": [2.8125, -2.8125]}
							}
						}
					]
				},
				{
					"name": "RightLeg",
					"parent": "DownBody",
					"pivot": [-1.9, 12.07942, -0.00324],
					"rotation": [7.5, 0, 0],
					"cubes": [
						{
							"origin": [-3.9, 6.07942, -2.00324],
							"size": [4, 6, 4],
							"uv": {
								"north": {"uv": [5.625, 28.125], "uv_size": [5.625, 8.4375]},
								"east": {"uv": [0, 28.125], "uv_size": [5.625, 8.4375]},
								"south": {"uv": [16.875, 28.125], "uv_size": [5.625, 8.4375]},
								"west": {"uv": [11.25, 28.125], "uv_size": [5.625, 8.4375]},
								"up": {"uv": [5.625, 22.5], "uv_size": [5.625, 5.625]},
								"down": {"uv": [5.625, 28.125], "uv_size": [5.625, -5.625]}
							}
						},
						{
							"origin": [-3.85, 4, -2.8032],
							"size": [3.95, 2.9, 2.55],
							"pivot": [1.9, 4.6, 0],
							"rotation": [-60, 0, 0],
							"uv": {
								"north": {"uv": [5.625, 28.125], "uv_size": [5.625, 4.21875]},
								"east": {"uv": [0, 28.125], "uv_size": [5.625, 4.21875]},
								"south": {"uv": [16.875, 28.125], "uv_size": [5.625, 4.21875]},
								"west": {"uv": [11.25, 28.125], "uv_size": [5.625, 4.21875]},
								"up": {"uv": [5.625, 22.5], "uv_size": [5.625, 5.625]},
								"down": {"uv": [5.625, 28.125], "uv_size": [5.625, -5.625]}
							}
						}
					]
				},
				{
					"name": "RightLowerPants",
					"parent": "RightLeg",
					"pivot": [-2, 12.07942, -0.00324],
					"cubes": [
						{
							"origin": [-3.9, 6.07942, -2.00324],
							"size": [4, 6, 4],
							"inflate": 0.25,
							"uv": {
								"north": {"uv": [5.625, 50.625], "uv_size": [5.625, 8.4375]},
								"east": {"uv": [0, 50.625], "uv_size": [5.625, 8.4375]},
								"south": {"uv": [16.875, 50.625], "uv_size": [5.625, 8.4375]},
								"west": {"uv": [11.25, 50.625], "uv_size": [5.625, 8.4375]},
								"up": {"uv": [5.625, 45], "uv_size": [5.625, 5.625]},
								"down": {"uv": [16.875, 50.625], "uv_size": [5.625, -5.625]}
							}
						}
					]
				},
				{
					"name": "RightLowerLeg",
					"parent": "RightLeg",
					"pivot": [-2, 6.07942, -0.00324],
					"rotation": [-20, 0, 0],
					"cubes": [
						{
							"origin": [-3.9, 0.07942, -2.00324],
							"size": [4, 6, 4],
							"uv": {
								"north": {"uv": [5.625, 36.5625], "uv_size": [5.625, 8.4375]},
								"east": {"uv": [0, 36.5625], "uv_size": [5.625, 8.4375]},
								"south": {"uv": [16.875, 36.5625], "uv_size": [5.625, 8.4375]},
								"west": {"uv": [11.25, 36.5625], "uv_size": [5.625, 8.4375]},
								"up": {"uv": [5.625, 22.5], "uv_size": [5.625, 5.625]},
								"down": {"uv": [11.25, 28.125], "uv_size": [5.625, -5.625]}
							}
						}
					]
				},
				{
					"name": "RightPants",
					"parent": "RightLowerLeg",
					"pivot": [-2, 6.07942, -0.00324],
					"cubes": [
						{
							"origin": [-3.9, 0.07942, -2.00324],
							"size": [4, 6, 4],
							"inflate": 0.25,
							"uv": {
								"north": {"uv": [5.625, 59.0625], "uv_size": [5.625, 8.4375]},
								"east": {"uv": [0, 59.0625], "uv_size": [5.625, 8.4375]},
								"south": {"uv": [16.875, 59.0625], "uv_size": [5.625, 8.4375]},
								"west": {"uv": [11.25, 59.0625], "uv_size": [5.625, 8.4375]},
								"up": {"uv": [0, 45], "uv_size": [5.625, 5.625]},
								"down": {"uv": [11.25, 50.625], "uv_size": [5.625, -5.625]}
							}
						}
					]
				},
				{
					"name": "RightFoot",
					"parent": "RightLowerLeg",
					"pivot": [-2, 1.07942, -0.00324],
					"cubes": [
						{
							"origin": [-3, 1.07942, -1.00324],
							"size": [2, 2, 2],
							"uv": {
								"north": {"uv": [81.5625, 2.8125], "uv_size": [2.8125, 2.8125]},
								"east": {"uv": [78.75, 2.8125], "uv_size": [2.8125, 2.8125]},
								"south": {"uv": [87.1875, 2.8125], "uv_size": [2.8125, 2.8125]},
								"west": {"uv": [84.375, 2.8125], "uv_size": [2.8125, 2.8125]},
								"up": {"uv": [81.5625, 0], "uv_size": [2.8125, 2.8125]},
								"down": {"uv": [84.375, 2.8125], "uv_size": [2.8125, -2.8125]}
							}
						}
					]
				},
				{
					"name": "molang",
					"parent": "Root",
					"pivot": [0, 0, 0]
				}
			]
		}
	]
}