{
	"format_version": "1.8.0",
	"animations": {
		"misc.idle": {
			"loop": true,
			"animation_length": 2,
			"bones": {
				"bipedArmLeft": {
					"rotation": {
						"0.0": {
							"vector": [0, 0, 0]
						},
						"0.52": {
							"vector": [-2.5, 0, -3.9]
						},
						"1.0": {
							"vector": [0, 0, -7.5],
							"easing": "linear"
						},
						"1.52": {
							"vector": [2.5, 0, -3.6]
						},
						"2.0": {
							"vector": [0, 0, 0],
							"easing": "linear"
						}
					}
				},
				"bipedArmRight": {
					"rotation": {
						"0.0": {
							"vector": [0, 0, 0]
						},
						"0.52": {
							"vector": [2.5, 0, 2.03],
							"easing": "linear"
						},
						"1.0": {
							"vector": [0, 0, 7.5],
							"easing": "linear"
						},
						"1.52": {
							"vector": [-2.5, 0, 5.47],
							"easing": "linear"
						},
						"2.0": {
							"vector": [0, 0, 0],
							"easing": "linear"
						}
					}
				}
			}
		},
		"pose.greatsword.right": {
			"loop": true
		},
		"misc.sit": {
			"loop": true,
			"animation_length": 8.64,
			"bones": {
				"root": {
					"position": {
						"0.0": {
							"vector": [0, -4, 0]
						},
						"8.64": {
							"vector": [0, -10, 0]
						}
					}
				},
				"bipedLegs": {
					"rotation": {
						"vector": [-80, 0, 0]
					}
				},
				"bipedLegLeft": {
					"rotation": {
						"vector": [0, 0, -12.5]
					}
				},
				"bipedLegRight": {
					"rotation": {
						"vector": [0, 0, 12.5]
					}
				},
				"bipedArms": {
					"rotation": {
						"vector": [-60, 0, 0]
					}
				}
			}
		},
		"move.walk": {
			"loop": true,
			"animation_length": 2.08,
			"bones": {
				"bipedLegLeft": {
					"rotation": {
						"0.0": {
							"vector": [-22.5, 0, 0]
						},
						"1.04": {
							"vector": [22.5, 0, 0]
						},
						"2.08": {
							"vector": [-22.5, 0, 0]
						}
					},
					"position": {
						"0.0": {
							"vector": [0, 0, 0]
						},
						"1.04": {
							"vector": [0, 0, 0]
						},
						"1.56": {
							"vector": [0, 1, 0]
						},
						"2.08": {
							"vector": [0, 0, 0]
						}
					}
				},
				"bipedLegRight": {
					"rotation": {
						"0.0": {
							"vector": [22.5, 0, 0]
						},
						"1.04": {
							"vector": [-22.5, 0, 0]
						},
						"2.08": {
							"vector": [22.5, 0, 0]
						}
					},
					"position": {
						"0.0": {
							"vector": [0, 0, 0]
						},
						"0.52": {
							"vector": [0, 1, 0]
						},
						"1.04": {
							"vector": [0, 0, 0]
						},
						"2.08": {
							"vector": [0, 0, 0]
						}
					}
				},
				"bipedArmLeft": {
					"rotation": {
						"0.0": {
							"vector": [11.25, 0, 0]
						},
						"1.04": {
							"vector": [-11.25, 0, 0]
						},
						"2.08": {
							"vector": [11.25, 0, 0]
						}
					},
					"position": {
						"0.0": {
							"vector": [0, 0, 0]
						},
						"0.52": {
							"vector": [0, 1, 0]
						},
						"1.04": {
							"vector": [0, 0, 0]
						},
						"2.08": {
							"vector": [0, 0, 0]
						}
					}
				},
				"bipedArmRight": {
					"rotation": {
						"0.0": {
							"vector": [-11.25, 0, 0]
						},
						"1.04": {
							"vector": [11.25, 0, 0]
						},
						"2.08": {
							"vector": [-11.25, 0, 0]
						}
					},
					"position": {
						"0.0": {
							"vector": [0, 0, 0]
						},
						"1.04": {
							"vector": [0, 0, 0]
						},
						"1.56": {
							"vector": [0, 1, 0]
						},
						"2.08": {
							"vector": [0, 0, 0]
						}
					}
				}
			}
		},
		"move.sneak": {
			"loop": true,
			"bones": {
				"bipedArms": {
					"rotation": {
						"vector": [60, 0, 0]
					}
				}
			}
		},
		"attack.block.left": {
			"loop": true,
			"bones": {
				"bipedArmLeft": {
					"rotation": {
						"vector": [-54.68626, 17.38772, 18.2489]
					}
				}
			}
		},
		"attack.block.right": {
			"loop": true,
			"bones": {
				"bipedArmRight": {
					"rotation": {
						"vector": [-54.68626, -17.38772, -18.2489]
					}
				}
			}
		},
		"pose.spear.left": {
			"loop": true,
			"bones": {
				"bipedBody": {
					"rotation": {
						"vector": [0, -45, 0]
					}
				},
				"bipedArmLeft": {
					"rotation": {
						"vector": [-15, 45, 0]
					}
				},
				"bipedArmRight": {
					"rotation": {
						"vector": [-45, -15, 0]
					},
					"position": {
						"vector": [0, 0, -1]
					}
				},
				"bipedHeadBaseRotator": {
					"rotation": {
						"vector": [-7.79235, 20.70481, -40.89339]
					}
				}
			}
		},
		"pose.spear.right": {
			"loop": true,
			"bones": {
				"bipedBody": {
					"rotation": {
						"vector": [0, 45, 0]
					}
				},
				"bipedArmLeft": {
					"rotation": {
						"vector": [-45, 22.25, 0]
					},
					"position": {
						"vector": [0, 0, -1]
					}
				},
				"bipedArmRight": {
					"rotation": {
						"vector": [-15, -45, 0]
					}
				},
				"bipedHeadBaseRotator": {
					"rotation": {
						"vector": [-7.79235, -20.70481, 40.89339]
					}
				}
			}
		},
		"pose.greatsword.left": {
			"loop": true,
			"bones": {
				"bipedArmLeft": {
					"rotation": {
						"vector": [-45, 45, 0]
					}
				},
				"bipedArmRight": {
					"rotation": {
						"vector": [-45, -45, 0]
					}
				},
				"bipedBody": {
					"rotation": {
						"vector": [0, 20, 0]
					}
				},
				"bipedHeadBaseRotator": {
					"rotation": {
						"vector": [-1.16156, -8.64738, 15.27269]
					}
				}
			}
		},
		"misc.crossbow_reload.left": {
			"animation_length": 1.24,
			"bones": {
				"bipedArmRight": {
					"rotation": {
						"0.0": {
							"vector": [-7.5, 0, 0]
						},
						"1.24": {
							"vector": [-7.5, -45, 0]
						}
					}
				}
			}
		},
		"misc.crossbow_reload.right": {
			"animation_length": 1.24,
			"bones": {
				"bipedArmLeft": {
					"rotation": {
						"0.0": {
							"vector": [-7.5, 0, 0]
						},
						"1.24": {
							"vector": [-7.5, 90, 0]
						}
					}
				}
			}
		},
		"pose.gun.left": {
			"loop": true,
			"bones": {
				"bipedArmLeft": {
					"rotation": {
						"vector": [-90, 0, 0]
					}
				},
				"bipedArmRight": {
					"rotation": {
						"vector": [-90, -45, 0]
					},
					"position": {
						"vector": [0.5, 0, -1]
					}
				}
			}
		},
		"pose.gun.right": {
			"loop": true,
			"bones": {
				"bipedArmLeft": {
					"rotation": {
						"vector": [-90, 45, 0]
					},
					"position": {
						"vector": [-0.5, 0, -1]
					}
				},
				"bipedArmRight": {
					"rotation": {
						"vector": [-90, 0, 0]
					}
				}
			}
		},
		"pose.small_gun.left": {
			"loop": true,
			"bones": {
				"bipedArmLeft": {
					"rotation": {
						"vector": [-90, 0, 0]
					}
				}
			}
		},
		"pose.small_gun.right": {
			"loop": true,
			"bones": {
				"bipedArmRight": {
					"rotation": {
						"vector": [-90, 0, 0]
					}
				}
			}
		},
		"misc.interact.left": {
			"animation_length": 0.36,
			"bones": {
				"bipedArmLeft": {
					"rotation": {
						"0.0": {
							"vector": [0, 0, 0]
						},
						"0.12": {
							"vector": [-60, 0, 0]
						},
						"0.24": {
							"vector": [-25.31123, 16.66577, 31.23252]
						},
						"0.36": {
							"vector": [0, 0, 0]
						}
					}
				}
			}
		},
		"misc.interact.right": {
			"animation_length": 0.4,
			"bones": {
				"bipedArmRight": {
					"rotation": {
						"0.0": {
							"vector": [0, 0, 0]
						},
						"0.12": {
							"vector": [-60, 0, 0]
						},
						"0.24": {
							"vector": [-26.69087, -22.3718, -37.12826]
						},
						"0.36": {
							"vector": [0, 0, 0]
						}
					}
				}
			}
		},
		"attack.cast": {
			"loop": true,
			"animation_length": 1.04,
			"bones": {
				"bipedArmLeft": {
					"rotation": {
						"0.0": {
							"vector": [0, 0, -145]
						},
						"0.28": {
							"vector": [-22.25, 0, -145]
						},
						"0.52": {
							"vector": [0, 0, -137.5]
						},
						"0.8": {
							"vector": [22.25, 0, -145]
						},
						"1.04": {
							"vector": [0, 0, -145]
						}
					},
					"position": {
						"vector": [0, 1, 0]
					}
				},
				"bipedArmRight": {
					"rotation": {
						"0.0": {
							"vector": [0, 0, 145]
						},
						"0.28": {
							"vector": [-22.25, 0, 145]
						},
						"0.52": {
							"vector": [0, 0, 137.5]
						},
						"0.8": {
							"vector": [22.25, 0, 145]
						},
						"1.04": {
							"vector": [0, 0, 145]
						}
					},
					"position": {
						"vector": [0, 1, 0]
					}
				},
				"bipedBody": {
					"rotation": {
						"0.0": {
							"vector": [-20, 0, 0]
						},
						"0.24": {
							"vector": [-10, 0, 0],
							"easing": "easeInOutSine"
						},
						"0.52": {
							"vector": [-20, 0, 0],
							"easing": "easeInOutSine"
						},
						"0.8": {
							"vector": [-10, 0, 0],
							"easing": "easeInOutSine"
						},
						"1.04": {
							"vector": [-20, 0, 0],
							"easing": "easeInOutSine"
						}
					}
				},
				"bipedHead": {
					"rotation": {
						"0.0": {
							"vector": [0, 0, 0]
						},
						"0.4": {
							"vector": [60, 0, 0],
							"easing": "easeInOutSine"
						},
						"1.04": {
							"vector": [0, 0, 0],
							"easing": "easeInOutSine"
						}
					}
				}
			},
			"particle_effects": {
				"0.0": {
					"effect": "magic_particles",
					"locator": "hands"
				},
				"0.28": {
					"effect": "magic_particles",
					"locator": "hands"
				},
				"0.52": {
					"effect": "magic_particles",
					"locator": "hands"
				},
				"0.8": {
					"effect": "magic_particles",
					"locator": "hands"
				},
				"1.04": {
					"effect": "magic_particles",
					"locator": "hands"
				}
			}
		},
		"misc.spin_hands": {
			"loop": true,
			"animation_length": 0.48,
			"bones": {
				"bipedArmLeft": {
					"rotation": {
						"vector": [0, 0, -90]
					},
					"position": {
						"vector": [1, -1, 0]
					}
				},
				"bipedArmRight": {
					"rotation": {
						"vector": [0, 180, 90]
					},
					"position": {
						"vector": [-1, 1, 0]
					}
				},
				"root": {
					"rotation": {
						"0.0": {
							"vector": [0, 0, 0]
						},
						"0.48": {
							"vector": [0, 360, 0]
						}
					}
				}
			}
		},
		"attack.greatsword": {
			"animation_length": 0.32,
			"bones": {
				"bipedArms": {
					"rotation": {
						"0.0": {
							"vector": [0, 0, 0]
						},
						"0.12": {
							"vector": [-60, 0, 0],
							"easing": "easeOutCubic"
						},
						"0.32": {
							"vector": [0, 0, 0],
							"easing": "easeInQuad"
						}
					}
				}
			}
		},
		"attack.spear": {
			"animation_length": 0.44,
			"bones": {
				"bipedArmLeft": {
					"rotation": {
						"0.0": {
							"vector": [0, 0, 0]
						},
						"0.16": {
							"vector": [-22.25, 0, 0]
						},
						"0.44": {
							"vector": [0, 0, 0]
						}
					}
				},
				"bipedArmRight": {
					"rotation": {
						"0.0": {
							"vector": [0, 0, 0]
						},
						"0.16": {
							"vector": [-22.25, 0, 0]
						},
						"0.44": {
							"vector": [0, 0, 0]
						}
					}
				}
			}
		}
	},
	"geckolib_format_version": 2
}