{
	"format_version": "1.8.0",
	"animations": {
		"misc.idle": {
			"loop": true,
			"animation_length": 2,
			"bones": {
				"bipedArmLeft": {
					"rotation": {
						"0.0": {
							"vector": [0, 0, 0]
						},
						"0.52": {
							"vector": [-2.5, 0, -3.9]
						},
						"1.0": {
							"vector": [0, 0, -7.5],
							"easing": "linear"
						},
						"1.52": {
							"vector": [2.5, 0, -3.6]
						},
						"2.0": {
							"vector": [0, 0, 0],
							"easing": "linear"
						}
					}
				},
				"bipedArmRight": {
					"rotation": {
						"0.0": {
							"vector": [0, 0, 0]
						},
						"0.52": {
							"vector": [2.5, 0, 2.03],
							"easing": "linear"
						},
						"1.0": {
							"vector": [0, 0, 7.5],
							"easing": "linear"
						},
						"1.52": {
							"vector": [-2.5, 0, 5.47],
							"easing": "linear"
						},
						"2.0": {
							"vector": [0, 0, 0],
							"easing": "linear"
						}
					}
				}
			}
		},
		"misc.sit": {
			"loop": "hold_on_last_frame",
			"animation_length": 8.64,
			"bones": {
				"root": {
					"position": {
						"0.0": {
							"vector": [0, -10, 0]
						},
						"8.64": {
							"vector": [0, -10, 0]
						}
					}
				},
				"bipedLegs": {
					"rotation": {
						"vector": [-80, 0, 0]
					}
				},
				"bipedLegLeft": {
					"rotation": {
						"vector": [0, 0, -12.5]
					}
				},
				"bipedLegRight": {
					"rotation": {
						"vector": [0, 0, 12.5]
					}
				},
				"bipedArms": {
					"rotation": {
						"vector": [-45, 0, 0]
					}
				}
			}
		},
		"move.sneak": {
			"loop": true,
			"bones": {
				"bipedBody": {
					"rotation": {
						"vector": [22.5, 0, 0]
					},
					"position": {
						"vector": [0, -1, 0]
					}
				},
				"bipedArms": {
					"position": {
						"vector": [0, 0, -1]
					}
				},
				"bipedHeadBaseRotator": {
					"rotation": {
						"vector": [-22.5, 0, 0]
					}
				}
			}
		},
		"attack.block.left": {
			"loop": "hold_on_last_frame",
			"bones": {
				"bipedArmLeft": {
					"rotation": {
						"vector": [-54.68626, 17.38772, 18.2489]
					}
				}
			}
		},
		"attack.block.right": {
			"loop": "hold_on_last_frame",
			"bones": {
				"bipedArmRight": {
					"rotation": {
						"vector": [-54.68626, -17.38772, -18.2489]
					}
				}
			}
		},
		"pose.spear.left": {
			"loop": "hold_on_last_frame",
			"bones": {
				"bipedBody": {
					"rotation": {
						"vector": [0, -45, 0]
					}
				},
				"bipedArmLeft": {
					"rotation": {
						"vector": [-15, 45, 0]
					}
				},
				"bipedArmRight": {
					"rotation": {
						"vector": [-45, -15, 0]
					},
					"position": {
						"vector": [0, 0, -1]
					}
				},
				"bipedHeadBaseRotator": {
					"rotation": {
						"vector": [0, 45, 0]
					}
				}
			}
		},
		"pose.spear.right": {
			"loop": "hold_on_last_frame",
			"bones": {
				"bipedBody": {
					"rotation": {
						"vector": [0, 45, 0]
					}
				},
				"bipedArmLeft": {
					"rotation": {
						"vector": [-45, 22.25, 0]
					},
					"position": {
						"vector": [0, 0, -1]
					}
				},
				"bipedArmRight": {
					"rotation": {
						"vector": [-15, -45, 0]
					}
				},
				"bipedHeadBaseRotator": {
					"rotation": {
						"vector": [0, -45, 0]
					}
				}
			}
		},
		"pose.aim.left": {
			"loop": "hold_on_last_frame",
			"bones": {
				"bipedArmLeft": {
					"rotation": {
						"vector": [-90, 0, 0]
					}
				},
				"bipedArmRight": {
					"rotation": {
						"vector": [-90, -45, 0]
					},
					"position": {
						"vector": [0.5, 0, -1]
					}
				}
			}
		},
		"pose.aim.right": {
			"loop": "hold_on_last_frame",
			"bones": {
				"bipedArmLeft": {
					"rotation": {
						"vector": [-90, 45, 0]
					},
					"position": {
						"vector": [-0.5, 0, -1]
					}
				},
				"bipedArmRight": {
					"rotation": {
						"vector": [-90, 0, 0]
					}
				}
			}
		},
		"misc.interact.left": {
			"animation_length": 0.36,
			"bones": {
				"bipedArmLeft": {
					"rotation": {
						"0.0": {
							"vector": [0, 0, 0]
						},
						"0.12": {
							"vector": [-60, 0, 0]
						},
						"0.24": {
							"vector": [-25.31123, 16.66577, 31.23252]
						},
						"0.36": {
							"vector": [0, 0, 0]
						}
					}
				}
			}
		},
		"misc.interact.right": {
			"animation_length": 0.4,
			"bones": {
				"bipedArmRight": {
					"rotation": {
						"0.0": {
							"vector": [0, 0, 0]
						},
						"0.12": {
							"vector": [-60, 0, 0]
						},
						"0.24": {
							"vector": [-26.69087, -22.3718, -37.12826]
						},
						"0.36": {
							"vector": [0, 0, 0]
						}
					}
				}
			}
		},
		"attack.spear": {
			"animation_length": 0.44,
			"bones": {
				"bipedArmLeft": {
					"rotation": {
						"0.0": {
							"vector": [0, 0, 0]
						},
						"0.16": {
							"vector": [-22.25, 0, 0]
						},
						"0.44": {
							"vector": [0, 0, 0]
						}
					}
				},
				"bipedArmRight": {
					"rotation": {
						"0.0": {
							"vector": [0, 0, 0]
						},
						"0.16": {
							"vector": [-22.25, 0, 0]
						},
						"0.44": {
							"vector": [0, 0, 0]
						}
					}
				}
			}
		}
	},
	"geckolib_format_version": 2
}