{
	"format_version": "1.12.0",
	"minecraft:geometry": [
		{
			"description": {
				"identifier": "geometry.race_car",
				"texture_width": 256,
				"texture_height": 256,
				"visible_bounds_width": 11,
				"visible_bounds_height": 3.5,
				"visible_bounds_offset": [0, 1.25, 0]
			},
			"bones": [
				{
					"name": "racecar",
					"pivot": [0, 0, -11],
					"cubes": [
						{"origin": [-14.85, 2.97, -19.91], "size": [29.7, 2.97, 32.67], "uv": [0, 0]},
						{"origin": [-14.85, 5.94, 9.79], "size": [29.7, 11.88, 2.97], "uv": [96, 77]},
						{"origin": [-14.85, 5.94, -19.91], "size": [29.7, 11.88, 2.97], "uv": [96, 64]},
						{"origin": [-14.85, 5.94, -16.94], "size": [2.97, 11.88, 26.73], "uv": [0, 88]},
						{"origin": [11.88, 5.94, -16.94], "size": [2.97, 11.88, 26.73], "uv": [66, 66]},
						{"origin": [-8.91, 2.97, -34.76], "size": [17.82, 11.88, 14.85], "uv": [90, 0]},
						{"origin": [-8.91, 2.97, 12.76], "size": [17.82, 11.88, 14.85], "uv": [78, 39]},
						{"origin": [-14.85, 14.85, -37.73], "size": [29.7, 2.97, 14.85], "uv": [0, 72]},
						{"origin": [-14.85, 14.85, -22.88], "size": [29.7, 2.97, 2.97], "uv": [75, 34]},
						{"origin": [-4.455, 13.365, -17.6825], "size": [8.91, 8.91, 2.97], "pivot": [0, 17.82, -16.1975], "rotation": [32.5, 0, 0], "uv": [0, 22]},
						{"origin": [11.9097, 16.335, -19.1675], "size": [2.97, 17.82, 2.97], "pivot": [0, 17.82, -17.6825], "rotation": [-37.5, 0, 0], "uv": [0, 125]},
						{"origin": [11.9097, 16.335, 14.9875], "size": [2.97, 17.82, 2.97], "pivot": [0, 17.82, 16.4725], "rotation": [37.5, 0, 0], "uv": [38, 88]},
						{"origin": [-14.8797, 16.335, -19.1675], "size": [2.97, 17.82, 2.97], "pivot": [0, 17.82, -17.6825], "rotation": [-37.5, 0, 0], "uv": [46, 88]},
						{"origin": [-14.8797, 16.335, 14.9875], "size": [2.97, 17.82, 2.97], "pivot": [0, 17.82, 16.4725], "rotation": [37.5, 0, 0], "uv": [30, 88]},
						{"origin": [-14.8203, 17.69842, -2.53025], "size": [2.97, 11.88, 2.97], "uv": [8, 34]},
						{"origin": [11.8503, 17.69842, -2.53025], "size": [2.97, 11.88, 2.97], "uv": [0, 34]},
						{"origin": [-14.9094, 28.9575, -9.515], "size": [29.7, 2.97, 17.82], "uv": [0, 34]},
						{"origin": [-14.85, 14.85, 12.76], "size": [29.7, 2.97, 17.82], "uv": [0, 53]},
						{"origin": [-14.85, 2.97, -37.73], "size": [29.7, 11.88, 2.97], "uv": [56, 116]},
						{"origin": [-14.85, 2.97, 27.61], "size": [29.7, 11.88, 2.97], "uv": [56, 103]}
					]
				},
				{
					"name": "backwheels",
					"parent": "racecar",
					"pivot": [0.7425, 5.94, 20.185],
					"cubes": [
						{"origin": [-14.85, 0, 14.245], "size": [5.94, 11.88, 11.88], "uv": [118, 92]},
						{"origin": [11.88, 0, 14.245], "size": [2.97, 11.88, 11.88], "uv": [0, 88]}
					]
				},
				{
					"name": "frontwheels",
					"parent": "racecar",
					"pivot": [0, 5.94, -27.335],
					"cubes": [
						{"origin": [8.91, 0, -33.275], "size": [5.94, 11.88, 11.88], "uv": [0, 0]},
						{"origin": [-14.85, 0, -33.275], "size": [5.94, 11.88, 11.88], "uv": [107, 118]}
					]
				}
			]
		}
	]
}