{
	"format_version": "1.12.0",
	"minecraft:geometry": [
		{
			"description": {
				"identifier": "geometry.gecko_armor",
				"texture_width": 64,
				"texture_height": 64,
				"visible_bounds_width": 4,
				"visible_bounds_height": 3.5,
				"visible_bounds_offset": [0, 1.25, 0]
			},
			"bones": [
				{
					"name": "bipedHead",
					"pivot": [0, 24, 0]
				},
				{
					"name": "armorHead",
					"parent": "bipedHead",
					"pivot": [0, 24, 0],
					"cubes": [
						{
							"origin": [-4, 24, -3.25],
							"size": [8, 12, 8],
							"inflate": 0.51,
							"uv": {
								"north": {"uv": [8, 8], "uv_size": [8, 12]},
								"east": {"uv": [0, 8], "uv_size": [8, 12]},
								"south": {"uv": [24, 8], "uv_size": [8, 12]},
								"west": {"uv": [16, 8], "uv_size": [8, 12]},
								"up": {"uv": [8, 0], "uv_size": [8, 8]},
								"down": {"uv": [16, 8], "uv_size": [8, -8]}
							}
						},
						{
							"origin": [-3, 33, -8.3],
							"size": [6, 3, 4],
							"inflate": 0.51,
							"uv": {
								"north": {"uv": [43, 23], "uv_size": [6, 3]},
								"east": {"uv": [39, 23], "uv_size": [4, 3]},
								"south": {"uv": [53, 23], "uv_size": [6, 3]},
								"west": {"uv": [49, 23], "uv_size": [4, 3]},
								"up": {"uv": [43, 19], "uv_size": [6, 4]},
								"down": {"uv": [49, 23], "uv_size": [6, -4]}
							}
						},
						{
							"origin": [-4, 37, -1.5],
							"size": [1, 2, 4],
							"inflate": 0.51,
							"uv": {
								"north": {"uv": [28, 4], "uv_size": [1, 2]},
								"east": {"uv": [24, 4], "uv_size": [4, 2]},
								"south": {"uv": [33, 4], "uv_size": [1, 2]},
								"west": {"uv": [29, 4], "uv_size": [4, 2]},
								"up": {"uv": [28, 0], "uv_size": [1, 4]},
								"down": {"uv": [29, 4], "uv_size": [1, -4]}
							}
						},
						{
							"origin": [3, 37, -1.5],
							"size": [1, 2, 4],
							"inflate": 0.51,
							"uv": {
								"north": {"uv": [29, 4], "uv_size": [-1, 2]},
								"east": {"uv": [33, 4], "uv_size": [-4, 2]},
								"south": {"uv": [34, 4], "uv_size": [-1, 2]},
								"west": {"uv": [28, 4], "uv_size": [-4, 2]},
								"up": {"uv": [29, 0], "uv_size": [-1, 4]},
								"down": {"uv": [30, 4], "uv_size": [-1, -4]}
							}
						}
					]
				},
				{
					"name": "eye_0",
					"parent": "armorHead",
					"pivot": [-4.5, 35, 0.5],
					"cubes": [
						{
							"origin": [-4.55, 35, -1.5],
							"size": [0, 4, 4],
							"uv": {
								"north": {"uv": [4, 52], "uv_size": [0, 4]},
								"east": {"uv": [0, 52], "uv_size": [4, 4]},
								"south": {"uv": [8, 52], "uv_size": [0, 4]},
								"west": {"uv": [4, 52], "uv_size": [4, 4]},
								"up": {"uv": [4, 48], "uv_size": [0, 4]},
								"down": {"uv": [4, 52], "uv_size": [0, -4]}
							}
						}
					]
				},
				{
					"name": "eye_1",
					"parent": "armorHead",
					"pivot": [4.5, 35, 0.5],
					"cubes": [
						{
							"origin": [4.55, 35, -1.5],
							"size": [0, 4, 4],
							"uv": {
								"north": {"uv": [4, 52], "uv_size": [0, 4]},
								"east": {"uv": [8, 52], "uv_size": [-4, 4]},
								"south": {"uv": [8, 52], "uv_size": [0, 4]},
								"west": {"uv": [4, 52], "uv_size": [-4, 4]},
								"up": {"uv": [4, 48], "uv_size": [0, 4]},
								"down": {"uv": [4, 52], "uv_size": [0, -4]}
							}
						}
					]
				},
				{
					"name": "bipedBody",
					"pivot": [0, 24, 0]
				},
				{
					"name": "armorBody",
					"parent": "bipedBody",
					"pivot": [0, 25.25, 0],
					"cubes": [
						{
							"origin": [-4, 12.25, -2],
							"size": [8, 12, 4],
							"inflate": 0.53,
							"uv": {
								"north": {"uv": [4, 24], "uv_size": [8, 12]},
								"east": {"uv": [0, 24], "uv_size": [4, 12]},
								"south": {"uv": [16, 24], "uv_size": [8, 12]},
								"west": {"uv": [12, 24], "uv_size": [4, 12]},
								"up": {"uv": [4, 20], "uv_size": [8, 4]},
								"down": {"uv": [12, 24], "uv_size": [8, -4]}
							}
						}
					]
				},
				{
					"name": "tail_0",
					"parent": "armorBody",
					"pivot": [0, 13.25, 2.5],
					"rotation": [-30, 0, 0],
					"cubes": [
						{
							"origin": [-2, 11.25, 1.5],
							"size": [4, 4, 7],
							"uv": {
								"north": {"uv": [31, 27], "uv_size": [4, 4]},
								"east": {"uv": [24, 27], "uv_size": [7, 4]},
								"south": {"uv": [42, 27], "uv_size": [4, 4]},
								"west": {"uv": [35, 27], "uv_size": [7, 4]},
								"up": {"uv": [31, 20], "uv_size": [4, 7]},
								"down": {"uv": [35, 27], "uv_size": [4, -7]}
							}
						}
					]
				},
				{
					"name": "tail_1",
					"parent": "tail_0",
					"pivot": [0, 13.25, 8.5],
					"rotation": [5, 0, 0],
					"cubes": [
						{
							"origin": [-1.5, 12.25, 8.5],
							"size": [3, 3, 7],
							"uv": {
								"north": {"uv": [39, 7], "uv_size": [3, 3]},
								"east": {"uv": [32, 7], "uv_size": [7, 3]},
								"south": {"uv": [49, 7], "uv_size": [3, 3]},
								"west": {"uv": [42, 7], "uv_size": [7, 3]},
								"up": {"uv": [39, 0], "uv_size": [3, 7]},
								"down": {"uv": [42, 7], "uv_size": [3, -7]}
							}
						}
					]
				},
				{
					"name": "tail_2",
					"parent": "tail_1",
					"pivot": [0, 14.25, 15.5],
					"rotation": [5, 0, 0],
					"cubes": [
						{
							"origin": [-1, 13.25, 15.5],
							"size": [2, 2, 7],
							"uv": {
								"north": {"uv": [39, 17], "uv_size": [2, 2]},
								"east": {"uv": [32, 17], "uv_size": [7, 2]},
								"south": {"uv": [48, 17], "uv_size": [2, 2]},
								"west": {"uv": [41, 17], "uv_size": [7, 2]},
								"up": {"uv": [39, 10], "uv_size": [2, 7]},
								"down": {"uv": [41, 17], "uv_size": [2, -7]}
							}
						}
					]
				},
				{
					"name": "bipedRightArm",
					"pivot": [-4, 22, 0]
				},
				{
					"name": "armorRightArm",
					"parent": "bipedRightArm",
					"pivot": [-3.5, 22, 0],
					"cubes": [
						{
							"origin": [-7.5, 12, -2],
							"size": [3, 12, 4],
							"inflate": 0.52,
							"uv": {
								"north": {"uv": [4, 40], "uv_size": [3, 12]},
								"east": {"uv": [0, 40], "uv_size": [4, 12]},
								"south": {"uv": [11, 40], "uv_size": [3, 12]},
								"west": {"uv": [7, 40], "uv_size": [4, 12]},
								"up": {"uv": [4, 36], "uv_size": [3, 4]},
								"down": {"uv": [7, 40], "uv_size": [3, -4]}
							}
						}
					]
				},
				{
					"name": "r_finger_1",
					"parent": "armorRightArm",
					"pivot": [-7.5, 11.5, 0],
					"cubes": [
						{
							"origin": [-8, 9.5, -0.5],
							"size": [1, 2, 1],
							"uv": {
								"north": {"uv": [1, 21], "uv_size": [1, 2]},
								"east": {"uv": [0, 21], "uv_size": [1, 2]},
								"south": {"uv": [3, 21], "uv_size": [1, 2]},
								"west": {"uv": [2, 21], "uv_size": [1, 2]},
								"up": {"uv": [1, 20], "uv_size": [1, 1]},
								"down": {"uv": [2, 21], "uv_size": [1, -1]}
							}
						},
						{
							"origin": [-8, 7.5, -1],
							"size": [1, 2, 2],
							"uv": {
								"north": {"uv": [2, 5], "uv_size": [1, 2]},
								"east": {"uv": [0, 5], "uv_size": [2, 2]},
								"south": {"uv": [5, 5], "uv_size": [1, 2]},
								"west": {"uv": [3, 5], "uv_size": [2, 2]},
								"up": {"uv": [2, 3], "uv_size": [1, 2]},
								"down": {"uv": [3, 5], "uv_size": [1, -2]}
							}
						}
					]
				},
				{
					"name": "r_finger_2",
					"parent": "armorRightArm",
					"pivot": [-7.5, 11.75, -1.5],
					"rotation": [-22.5, 0, 0],
					"cubes": [
						{
							"origin": [-8, 9.75, -2],
							"size": [1, 2, 1],
							"uv": {
								"north": {"uv": [1, 21], "uv_size": [1, 2]},
								"east": {"uv": [0, 21], "uv_size": [1, 2]},
								"south": {"uv": [3, 21], "uv_size": [1, 2]},
								"west": {"uv": [2, 21], "uv_size": [1, 2]},
								"up": {"uv": [1, 20], "uv_size": [1, 1]},
								"down": {"uv": [2, 21], "uv_size": [1, -1]}
							}
						},
						{
							"origin": [-8, 7.75, -2.5],
							"size": [1, 2, 2],
							"uv": {
								"north": {"uv": [2, 5], "uv_size": [1, 2]},
								"east": {"uv": [0, 5], "uv_size": [2, 2]},
								"south": {"uv": [5, 5], "uv_size": [1, 2]},
								"west": {"uv": [3, 5], "uv_size": [2, 2]},
								"up": {"uv": [2, 3], "uv_size": [1, 2]},
								"down": {"uv": [3, 5], "uv_size": [1, -2]}
							}
						}
					]
				},
				{
					"name": "r_finger_3",
					"parent": "armorRightArm",
					"pivot": [-7.5, 11.75, 1.5],
					"rotation": [22.5, 0, 0],
					"cubes": [
						{
							"origin": [-8, 9.75, 1],
							"size": [1, 2, 1],
							"uv": {
								"north": {"uv": [1, 21], "uv_size": [1, 2]},
								"east": {"uv": [0, 21], "uv_size": [1, 2]},
								"south": {"uv": [3, 21], "uv_size": [1, 2]},
								"west": {"uv": [2, 21], "uv_size": [1, 2]},
								"up": {"uv": [1, 20], "uv_size": [1, 1]},
								"down": {"uv": [2, 21], "uv_size": [1, -1]}
							}
						},
						{
							"origin": [-8, 7.75, 0.5],
							"size": [1, 2, 2],
							"uv": {
								"north": {"uv": [2, 5], "uv_size": [1, 2]},
								"east": {"uv": [0, 5], "uv_size": [2, 2]},
								"south": {"uv": [5, 5], "uv_size": [1, 2]},
								"west": {"uv": [3, 5], "uv_size": [2, 2]},
								"up": {"uv": [2, 3], "uv_size": [1, 2]},
								"down": {"uv": [3, 5], "uv_size": [1, -2]}
							}
						}
					]
				},
				{
					"name": "bipedLeftArm",
					"pivot": [4, 22, 0]
				},
				{
					"name": "armorLeftArm",
					"parent": "bipedLeftArm",
					"pivot": [3.5, 22, 0],
					"cubes": [
						{
							"origin": [4.5, 12, -2],
							"size": [3, 12, 4],
							"inflate": 0.52,
							"uv": {
								"north": {"uv": [7, 40], "uv_size": [-3, 12]},
								"east": {"uv": [11, 40], "uv_size": [-4, 12]},
								"south": {"uv": [14, 40], "uv_size": [-3, 12]},
								"west": {"uv": [4, 40], "uv_size": [-4, 12]},
								"up": {"uv": [7, 36], "uv_size": [-3, 4]},
								"down": {"uv": [10, 40], "uv_size": [-3, -4]}
							}
						}
					]
				},
				{
					"name": "r_finger_4",
					"parent": "armorLeftArm",
					"pivot": [7.5, 11.5, 0],
					"cubes": [
						{
							"origin": [7, 9.5, -0.5],
							"size": [1, 2, 1],
							"uv": {
								"north": {"uv": [2, 21], "uv_size": [-1, 2]},
								"east": {"uv": [3, 21], "uv_size": [-1, 2]},
								"south": {"uv": [4, 21], "uv_size": [-1, 2]},
								"west": {"uv": [1, 21], "uv_size": [-1, 2]},
								"up": {"uv": [2, 20], "uv_size": [-1, 1]},
								"down": {"uv": [3, 21], "uv_size": [-1, -1]}
							}
						},
						{
							"origin": [7, 7.5, -1],
							"size": [1, 2, 2],
							"uv": {
								"north": {"uv": [3, 5], "uv_size": [-1, 2]},
								"east": {"uv": [5, 5], "uv_size": [-2, 2]},
								"south": {"uv": [6, 5], "uv_size": [-1, 2]},
								"west": {"uv": [2, 5], "uv_size": [-2, 2]},
								"up": {"uv": [3, 3], "uv_size": [-1, 2]},
								"down": {"uv": [4, 5], "uv_size": [-1, -2]}
							}
						}
					]
				},
				{
					"name": "r_finger_5",
					"parent": "armorLeftArm",
					"pivot": [7.5, 11.75, -1.5],
					"rotation": [-22.5, 0, 0],
					"cubes": [
						{
							"origin": [7, 9.75, -2],
							"size": [1, 2, 1],
							"uv": {
								"north": {"uv": [2, 21], "uv_size": [-1, 2]},
								"east": {"uv": [3, 21], "uv_size": [-1, 2]},
								"south": {"uv": [4, 21], "uv_size": [-1, 2]},
								"west": {"uv": [1, 21], "uv_size": [-1, 2]},
								"up": {"uv": [2, 20], "uv_size": [-1, 1]},
								"down": {"uv": [3, 21], "uv_size": [-1, -1]}
							}
						},
						{
							"origin": [7, 7.75, -2.5],
							"size": [1, 2, 2],
							"uv": {
								"north": {"uv": [3, 5], "uv_size": [-1, 2]},
								"east": {"uv": [5, 5], "uv_size": [-2, 2]},
								"south": {"uv": [6, 5], "uv_size": [-1, 2]},
								"west": {"uv": [2, 5], "uv_size": [-2, 2]},
								"up": {"uv": [3, 3], "uv_size": [-1, 2]},
								"down": {"uv": [4, 5], "uv_size": [-1, -2]}
							}
						}
					]
				},
				{
					"name": "r_finger_6",
					"parent": "armorLeftArm",
					"pivot": [7.5, 11.75, 1.5],
					"rotation": [22.5, 0, 0],
					"cubes": [
						{
							"origin": [7, 9.75, 1],
							"size": [1, 2, 1],
							"uv": {
								"north": {"uv": [2, 21], "uv_size": [-1, 2]},
								"east": {"uv": [3, 21], "uv_size": [-1, 2]},
								"south": {"uv": [4, 21], "uv_size": [-1, 2]},
								"west": {"uv": [1, 21], "uv_size": [-1, 2]},
								"up": {"uv": [2, 20], "uv_size": [-1, 1]},
								"down": {"uv": [3, 21], "uv_size": [-1, -1]}
							}
						},
						{
							"origin": [7, 7.75, 0.5],
							"size": [1, 2, 2],
							"uv": {
								"north": {"uv": [3, 5], "uv_size": [-1, 2]},
								"east": {"uv": [5, 5], "uv_size": [-2, 2]},
								"south": {"uv": [6, 5], "uv_size": [-1, 2]},
								"west": {"uv": [2, 5], "uv_size": [-2, 2]},
								"up": {"uv": [3, 3], "uv_size": [-1, 2]},
								"down": {"uv": [4, 5], "uv_size": [-1, -2]}
							}
						}
					]
				},
				{
					"name": "bipedLeftLeg",
					"pivot": [-1.9, 12, 0]
				},
				{
					"name": "armorLeftLeg",
					"parent": "bipedLeftLeg",
					"pivot": [-1.9, 12, 0],
					"cubes": [
						{
							"origin": [0.5, 0.5, -2],
							"size": [4, 11, 4],
							"inflate": 0.51,
							"uv": {
								"north": {"uv": [32, 35], "uv_size": [-4, 11]},
								"east": {"uv": [36, 35], "uv_size": [-4, 11]},
								"south": {"uv": [40, 35], "uv_size": [-4, 11]},
								"west": {"uv": [28, 35], "uv_size": [-4, 11]},
								"up": {"uv": [32, 31], "uv_size": [-4, 4]},
								"down": {"uv": [36, 35], "uv_size": [-4, -4]}
							}
						}
					]
				},
				{
					"name": "armorLeftBoot",
					"parent": "bipedLeftLeg",
					"pivot": [-1.9, 12, 0]
				},
				{
					"name": "r_toe_4",
					"parent": "armorLeftBoot",
					"pivot": [3.5, 0, -2.5],
					"cubes": [
						{
							"origin": [3, 0, -4.5],
							"size": [1, 1, 2],
							"uv": {
								"north": {"uv": [23, 22], "uv_size": [-1, 1]},
								"east": {"uv": [25, 22], "uv_size": [-2, 1]},
								"south": {"uv": [26, 22], "uv_size": [-1, 1]},
								"west": {"uv": [22, 22], "uv_size": [-2, 1]},
								"up": {"uv": [23, 20], "uv_size": [-1, 2]},
								"down": {"uv": [24, 22], "uv_size": [-1, -2]}
							}
						},
						{
							"origin": [2.5, 0, -6.5],
							"size": [2, 1, 2],
							"uv": {
								"north": {"uv": [4, 2], "uv_size": [-2, 1]},
								"east": {"uv": [6, 2], "uv_size": [-2, 1]},
								"south": {"uv": [8, 2], "uv_size": [-2, 1]},
								"west": {"uv": [2, 2], "uv_size": [-2, 1]},
								"up": {"uv": [4, 0], "uv_size": [-2, 2]},
								"down": {"uv": [6, 2], "uv_size": [-2, -2]}
							}
						}
					]
				},
				{
					"name": "r_toe_5",
					"parent": "armorLeftBoot",
					"pivot": [2.5, 0, -2.5],
					"rotation": [0, 22.5, 0],
					"cubes": [
						{
							"origin": [2, 0, -4.5],
							"size": [1, 1, 2],
							"uv": {
								"north": {"uv": [23, 22], "uv_size": [-1, 1]},
								"east": {"uv": [25, 22], "uv_size": [-2, 1]},
								"south": {"uv": [26, 22], "uv_size": [-1, 1]},
								"west": {"uv": [22, 22], "uv_size": [-2, 1]},
								"up": {"uv": [23, 20], "uv_size": [-1, 2]},
								"down": {"uv": [24, 22], "uv_size": [-1, -2]}
							}
						},
						{
							"origin": [1.5, 0, -6.5],
							"size": [2, 1, 2],
							"uv": {
								"north": {"uv": [2, 2], "uv_size": [2, 1]},
								"east": {"uv": [0, 2], "uv_size": [2, 1]},
								"south": {"uv": [6, 2], "uv_size": [2, 1]},
								"west": {"uv": [4, 2], "uv_size": [2, 1]},
								"up": {"uv": [2, 0], "uv_size": [2, 2]},
								"down": {"uv": [4, 2], "uv_size": [2, -2]}
							}
						}
					]
				},
				{
					"name": "r_toe_6",
					"parent": "armorLeftBoot",
					"pivot": [4.5, 0, -2],
					"rotation": [0, -22.5, 0],
					"cubes": [
						{
							"origin": [4, 0, -4],
							"size": [1, 1, 2],
							"uv": {
								"north": {"uv": [23, 22], "uv_size": [-1, 1]},
								"east": {"uv": [25, 22], "uv_size": [-2, 1]},
								"south": {"uv": [26, 22], "uv_size": [-1, 1]},
								"west": {"uv": [22, 22], "uv_size": [-2, 1]},
								"up": {"uv": [23, 20], "uv_size": [-1, 2]},
								"down": {"uv": [24, 22], "uv_size": [-1, -2]}
							}
						},
						{
							"origin": [3.5, 0, -6],
							"size": [2, 1, 2],
							"uv": {
								"north": {"uv": [4, 2], "uv_size": [-2, 1]},
								"east": {"uv": [6, 2], "uv_size": [-2, 1]},
								"south": {"uv": [8, 2], "uv_size": [-2, 1]},
								"west": {"uv": [2, 2], "uv_size": [-2, 1]},
								"up": {"uv": [4, 0], "uv_size": [-2, 2]},
								"down": {"uv": [6, 2], "uv_size": [-2, -2]}
							}
						}
					]
				},
				{
					"name": "bipedRightLeg",
					"pivot": [1.9, 12, 0]
				},
				{
					"name": "armorRightLeg",
					"parent": "bipedRightLeg",
					"pivot": [-2.1, 12, 0],
					"cubes": [
						{
							"origin": [-4.5, 0.5, -2],
							"size": [4, 11, 4],
							"inflate": 0.51,
							"uv": {
								"north": {"uv": [28, 35], "uv_size": [4, 11]},
								"east": {"uv": [24, 35], "uv_size": [4, 11]},
								"south": {"uv": [36, 35], "uv_size": [4, 11]},
								"west": {"uv": [32, 35], "uv_size": [4, 11]},
								"up": {"uv": [28, 31], "uv_size": [4, 4]},
								"down": {"uv": [32, 35], "uv_size": [4, -4]}
							}
						}
					]
				},
				{
					"name": "armorRightBoot",
					"parent": "bipedRightLeg",
					"pivot": [1.9, 12, 0]
				},
				{
					"name": "r_toe_1",
					"parent": "armorRightBoot",
					"pivot": [-3.5, 0, -2.5],
					"cubes": [
						{
							"origin": [-4, 0, -4.5],
							"size": [1, 1, 2],
							"uv": {
								"north": {"uv": [22, 22], "uv_size": [1, 1]},
								"east": {"uv": [20, 22], "uv_size": [2, 1]},
								"south": {"uv": [25, 22], "uv_size": [1, 1]},
								"west": {"uv": [23, 22], "uv_size": [2, 1]},
								"up": {"uv": [22, 20], "uv_size": [1, 2]},
								"down": {"uv": [23, 22], "uv_size": [1, -2]}
							}
						},
						{
							"origin": [-4.5, 0, -6.5],
							"size": [2, 1, 2],
							"uv": {
								"north": {"uv": [2, 2], "uv_size": [2, 1]},
								"east": {"uv": [0, 2], "uv_size": [2, 1]},
								"south": {"uv": [6, 2], "uv_size": [2, 1]},
								"west": {"uv": [4, 2], "uv_size": [2, 1]},
								"up": {"uv": [2, 0], "uv_size": [2, 2]},
								"down": {"uv": [4, 2], "uv_size": [2, -2]}
							}
						}
					]
				},
				{
					"name": "r_toe_2",
					"parent": "armorRightBoot",
					"pivot": [-2.5, 0, -2.5],
					"rotation": [0, -22.5, 0],
					"cubes": [
						{
							"origin": [-3, 0, -4.5],
							"size": [1, 1, 2],
							"uv": {
								"north": {"uv": [22, 22], "uv_size": [1, 1]},
								"east": {"uv": [20, 22], "uv_size": [2, 1]},
								"south": {"uv": [25, 22], "uv_size": [1, 1]},
								"west": {"uv": [23, 22], "uv_size": [2, 1]},
								"up": {"uv": [22, 20], "uv_size": [1, 2]},
								"down": {"uv": [23, 22], "uv_size": [1, -2]}
							}
						},
						{
							"origin": [-3.5, 0, -6.5],
							"size": [2, 1, 2],
							"uv": {
								"north": {"uv": [4, 2], "uv_size": [-2, 1]},
								"east": {"uv": [6, 2], "uv_size": [-2, 1]},
								"south": {"uv": [8, 2], "uv_size": [-2, 1]},
								"west": {"uv": [2, 2], "uv_size": [-2, 1]},
								"up": {"uv": [4, 0], "uv_size": [-2, 2]},
								"down": {"uv": [6, 2], "uv_size": [-2, -2]}
							}
						}
					]
				},
				{
					"name": "r_toe_3",
					"parent": "armorRightBoot",
					"pivot": [-4.5, 0, -2],
					"rotation": [0, 22.5, 0],
					"cubes": [
						{
							"origin": [-5, 0, -4],
							"size": [1, 1, 2],
							"uv": {
								"north": {"uv": [22, 22], "uv_size": [1, 1]},
								"east": {"uv": [20, 22], "uv_size": [2, 1]},
								"south": {"uv": [25, 22], "uv_size": [1, 1]},
								"west": {"uv": [23, 22], "uv_size": [2, 1]},
								"up": {"uv": [22, 20], "uv_size": [1, 2]},
								"down": {"uv": [23, 22], "uv_size": [1, -2]}
							}
						},
						{
							"origin": [-5.5, 0, -6],
							"size": [2, 1, 2],
							"uv": {
								"north": {"uv": [2, 2], "uv_size": [2, 1]},
								"east": {"uv": [0, 2], "uv_size": [2, 1]},
								"south": {"uv": [6, 2], "uv_size": [2, 1]},
								"west": {"uv": [4, 2], "uv_size": [2, 1]},
								"up": {"uv": [2, 0], "uv_size": [2, 2]},
								"down": {"uv": [4, 2], "uv_size": [2, -2]}
							}
						}
					]
				}
			]
		}
	]
}