{
  "parent": "builtin/entity",
  "texture_size": [
    96,
    96
  ],
  "display": {
    "thirdperson_righthand": {
      "translation": [
        -2,
        0,
        0
      ],
      "scale": [
        0.25,
        0.25,
        0.25
      ]
    },
    "thirdperson_lefthand": {
      "translation": [
        2,
        0,
        0
      ],
      "scale": [
        0.25,
        0.25,
        0.25
      ]
    },
    "firstperson_righthand": {
      "scale": [
        0.25,
        0.25,
        0.25
      ]
    },
    "firstperson_lefthand": {
      "scale": [
        0.25,
        0.25,
        0.25
      ]
    },
    "ground": {
      "translation": [
        -4,
        0,
        0
      ],
      "scale": [
        0.5,
        0.5,
        0.5
      ]
    },
    "gui": {
      "rotation": [
        0,
        -63,
        0
      ],
      "translation": [
        -1.75,
        -5,
        0
      ],
      "scale": [
        0.5,
        0.5,
        0.5
      ]
    },
    "head": {
      "translation": [
        -8,
        -6.5,
        0
      ]
    },
    "fixed": {
      "translation": [
        -4,
        -4,
        0
      ],
      "scale": [
        0.5,
        0.5,
        0.5
      ]
    }
  }
}