{
	"format_version": "1.8.0",
	"animations": {
		"use.popup": {
			"animation_length": 15.44,
			"bones": {
				"Top": {
					"rotation": {
						"11.08": [0, 0, 0],
						"11.6": [-150, 0, 0],
						"12.08": [-127.5, 0, 0],
						"12.76": [-150, 0, 0],
						"13.36": [-127.5, 0, 0]
					}
				},
				"Body": {
					"rotation": {
						"11.08": [0, 0, 0],
						"11.32": [0, 0, 0],
						"11.6": [27.5, 0, -2.5],
						"11.84": [8.5, 0, 5],
						"12.12": [-6.5, 0, -2.5],
						"12.4": [4.5, 0, 5],
						"12.68": [-2.5, 0, -2.5],
						"12.96": [1.5, 0, 5],
						"13.12": [-2.5, 0, -2.5],
						"13.4": [3.5, 0, 5]
					},
					"position": {
						"11.08": [0, 0, 0],
						"11.64": [0, 12.5, 0]
					},
					"scale": 1
				},
				"Head": {
					"rotation": [0, 0, 0],
					"position": {
						"11.08": [0, 0, 0],
						"11.64": [0, -2.5, 0],
						"12.16": [0, 0, 0]
					},
					"scale": {
						"11.08": [1, 1, 1],
						"11.24": [1, 1, 1],
						"11.64": [1.5, 1.5, 1.5],
						"12.0": [1, 1, 1]
					}
				},
				"Arm": {
					"rotation": {
						"11.08": [0, 0, 0],
						"11.24": [-97.5, 0, 0],
						"11.52": [-107.5, 15, 0],
						"11.72": [-117.5, 30, 0],
						"12.04": [-107.5, 15, 0],
						"12.36": [-117.5, 30, 0],
						"12.68": [-117.5, 30, 0],
						"12.96": [-117.5, 30, -12.5],
						"13.16": [-117.5, 30, -35]
					},
					"position": {
						"11.08": [0, 0, 0],
						"11.28": [0, -4, 0.5]
					}
				},
				"Arm2": {
					"rotation": {
						"11.08": [0, 0, 0],
						"11.24": [-77.5, 0, 0],
						"11.52": [-77.5, -28, -41],
						"11.72": [-97.5, -40.5, -41],
						"12.0": [-70, -28, -36],
						"12.32": [-97.5, -40.5, -41],
						"12.64": [-97.5, -40.5, -41],
						"12.96": [-97.5, -40.5, -46],
						"13.16": [-97.5, -40.5, -26]
					},
					"position": {
						"11.08": [0, 0, 0],
						"11.28": [0, -4, -1]
					}
				},
				"Elbow": {
					"rotation": {
						"11.64": [0, 0, 0],
						"12.0": [0, 0, 10],
						"12.24": [0, 0, -12.5],
						"12.72": [-10, 0, 10],
						"13.2": [-10, 0, 20],
						"13.52": [-10, 0, -2.5],
						"13.72": [-10, 0, 7.5]
					}
				},
				"Elbow2": {
					"rotation": {
						"11.64": [0, 0, 0],
						"12.0": [-10, 0, -7.5],
						"12.24": [-15, 0, -7.5],
						"12.72": [7.5, 0, -7.5],
						"13.2": [-2.5, 0, -12.5],
						"13.52": [-2.5, 0, 10],
						"13.72": [-2.5, 0, -7.5]
					}
				},
				"Bodymain": {
					"position": {
						"11.64": [0, 0, 0],
						"11.8": [0, -5, 0]
					}
				}
			},
			"sound_effects": {
				"0.0": {
					"effect": "music"
				}
			}
		}
	}
}