{
	"format_version": "1.8.0",
	"animations": {
		"misc.rest": {
			"loop": "hold_on_last_frame",
			"animation_length": 18,
			"bones": {
				"gecko": {
					"rotation": {
						"2.2": {
							"vector": [0, 0, 0]
						},
						"2.56": {
							"vector": [-90, -45, -22.5],
							"easing": "easeOutSine"
						},
						"3.0": {
							"vector": [-90, -45, -10],
							"easing": "easeInOutSine"
						},
						"5.0": {
							"vector": [-90, -45, -10]
						},
						"5.4": {
							"vector": [-90, -45, -90],
							"easing": "easeInOutSine"
						},
						"5.82": {
							"vector": [-180, -45, -90],
							"easing": "easeInSine"
						},
						"6.14": {
							"vector": [-180, -45, -90]
						},
						"6.5": {
							"vector": [-270, -75, -90],
							"easing": "easeInOutSine"
						},
						"8.0": {
							"vector": [-270, -75, -90],
							"easing": "easeInOutSine"
						},
						"9.0": {
							"vector": [-260, -90, -42.5],
							"easing": "easeInOutSine"
						},
						"9.5": {
							"vector": [-285, -120, -32.5]
						},
						"10.5": {
							"vector": [-180, -130, -180],
							"easing": "easeInSine"
						},
						"11.0": {
							"vector": [-180, -130, -180]
						},
						"11.7": {
							"vector": [-220, -105, -180]
						},
						"12.0": {
							"vector": [-216.98, -103.42, -175.84],
							"easing": "easeOutSine"
						},
						"12.5": {
							"vector": [-228.96715, -76.83543, -171.68994],
							"easing": "easeInOutSine"
						},
						"14.0": {
							"vector": [-228.97, -76.84, -171.69]
						},
						"14.54": {
							"vector": [-273.03441, -70.91662, -72.98887],
							"easing": "linear"
						},
						"15.0": {
							"vector": [-310, -15, 8.5],
							"easing": "linear"
						},
						"16.0": {
							"vector": [-310, -15, 8.5]
						},
						"16.32": {
							"vector": [-298.09176, -5.88, 7.60588]
						},
						"17.0": {
							"vector": [-355.2069, 33.16608, 4.14945]
						},
						"18.0": {
							"vector": [-360, 0, 0],
							"easing": "easeOutSine"
						}
					},
					"position": {
						"2.0": {
							"vector": [0, 0, 0]
						},
						"2.2": {
							"vector": [-1.54, 0, -1.1],
							"easing": "easeInSine"
						},
						"2.5": {
							"vector": [-3.59, 3, -5],
							"easing": "easeOutSine"
						},
						"3.0": {
							"vector": [-6, 8, -5],
							"easing": "easeInOutSine"
						},
						"5.0": {
							"vector": [-6, 8, -5]
						},
						"5.4": {
							"vector": [-10, 8, -5],
							"easing": "easeInOutSine"
						},
						"5.82": {
							"vector": [-14.5, 8, -2],
							"easing": "easeInSine"
						},
						"6.14": {
							"vector": [-13.82, 8, 2.36]
						},
						"6.5": {
							"vector": [-10.5, 8, 5],
							"easing": "easeInOutSine"
						},
						"8.0": {
							"vector": [-10.5, 8, 5],
							"easing": "easeInOutSine"
						},
						"9.0": {
							"vector": [-7.5, 3, 3],
							"easing": "easeInOutSine"
						},
						"10.5": {
							"vector": [3.5, 0, 3],
							"easing": "easeInSine"
						},
						"11.0": {
							"vector": [6.5, 0, 3]
						},
						"12.5": {
							"vector": [13.38, 5.88, 5.5],
							"easing": "easeOutSine"
						},
						"14.0": {
							"vector": [13.38, 5.88, 5.5]
						},
						"15.0": {
							"vector": [13.38, 5.88, 5.5],
							"easing": "linear"
						},
						"16.0": {
							"vector": [13.38, 5.88, 5.5]
						},
						"16.34": {
							"vector": [11.73, 3.41, 4.62]
						},
						"16.72": {
							"vector": [7.1, 0.55, -0.43]
						},
						"17.0": {
							"vector": [4.87, 0, -0.3]
						},
						"18.0": {
							"vector": [0, 0, 0],
							"easing": "easeOutSine"
						}
					},
					"scale": {
						"vector": [1, "1+math.sin(query.anim_time*180)*0.05", 1]
					}
				},
				"head": {
					"rotation": {
						"2.1": {
							"vector": [0, 0, 0]
						},
						"2.3": {
							"vector": [-20, 0, 0],
							"easing": "easeInOutSine"
						},
						"2.5": {
							"vector": [0, 0, 0],
							"easing": "easeInOutSine"
						},
						"5.4": {
							"vector": [0, 0, 0]
						},
						"5.6": {
							"vector": [-35, 0, 0],
							"easing": "easeInOutSine"
						},
						"5.8": {
							"vector": [0, 0, 0],
							"easing": "easeInOutSine"
						},
						"6.04": {
							"vector": [0, 0, 0]
						},
						"6.24": {
							"vector": [-20, 0, 0],
							"easing": "easeInOutSine"
						},
						"6.44": {
							"vector": [0, 0, 0],
							"easing": "easeInOutSine"
						},
						"8.98": {
							"vector": [0, 0, 0]
						},
						"9.5": {
							"vector": [-20, 0, 0],
							"easing": "easeInOutSine"
						},
						"10.5": {
							"vector": [0, 0, 0],
							"easing": "easeInOutSine"
						},
						"10.98": {
							"vector": [0, 0, 0]
						},
						"11.18": {
							"vector": [-20, 0, 0],
							"easing": "easeInOutSine"
						},
						"12.0": {
							"vector": [-20, 0, 0],
							"easing": "easeInOutSine"
						},
						"12.5": {
							"vector": [0, 0, 0],
							"easing": "easeInOutSine"
						},
						"14.0": {
							"vector": [0, 0, 0]
						},
						"14.54": {
							"vector": [0, 60, 0],
							"easing": "linear"
						},
						"15.0": {
							"vector": [0, 0, 0],
							"easing": "linear"
						},
						"16.0": {
							"vector": [0, 0, 0],
							"easing": "linear"
						},
						"16.5": {
							"vector": [-20, 0, 0]
						},
						"17.0": {
							"vector": [0, 0, 0],
							"easing": "easeInOutSine"
						}
					}
				},
				"leg0": {
					"rotation": {
						"2.0": {
							"vector": [0, 0, 0]
						},
						"2.1": {
							"vector": [0, "math.sin(query.anim_time*720)*10", "math.cos(query.anim_time*720)*10"]
						},
						"2.9": {
							"vector": [0, "math.sin(query.anim_time*720)*10", "math.cos(query.anim_time*720)*10"]
						},
						"3.0": {
							"vector": [0, 0, 0]
						},
						"5.0": {
							"vector": [0, 0, 0]
						},
						"5.1": {
							"vector": [0, "math.sin(query.anim_time*720)*10", "math.cos(query.anim_time*720)*10"]
						},
						"6.4": {
							"vector": [0, "math.sin(query.anim_time*720)*10", "math.cos(query.anim_time*720)*10"]
						},
						"6.5": {
							"vector": [0, 0, 0]
						},
						"8.0": {
							"vector": [0, 0, 0]
						},
						"8.1": {
							"vector": [0, "math.sin(query.anim_time*720)*10", "math.cos(query.anim_time*720)*10"]
						},
						"12.4": {
							"vector": [0, "math.sin(query.anim_time*720)*10", "math.cos(query.anim_time*720)*10"]
						},
						"12.5": {
							"vector": [0, 0, -20]
						},
						"14.0": {
							"vector": [0, 0, -20]
						},
						"14.1": {
							"vector": [0, "math.sin(query.anim_time*720)*10", "math.cos(query.anim_time*720)*10"]
						},
						"14.9": {
							"vector": [0, "math.sin(query.anim_time*720)*10", "math.cos(query.anim_time*720)*10"]
						},
						"15.0": {
							"vector": [0, 0, -20]
						},
						"16.0": {
							"vector": [0, 0, -20]
						},
						"16.1": {
							"vector": [0, "math.sin(query.anim_time*720)*10", "math.cos(query.anim_time*720)*10"]
						},
						"17.9": {
							"vector": [0, "math.sin(query.anim_time*720)*10", "math.cos(query.anim_time*720)*10"]
						},
						"18.0": {
							"vector": [0, 0, 0]
						}
					}
				},
				"leg1": {
					"rotation": {
						"2.0": {
							"vector": [0, 0, 0]
						},
						"2.1": {
							"vector": [0, "math.cos(query.anim_time*720)*10", "math.sin(query.anim_time*720)*10"]
						},
						"2.9": {
							"vector": [0, "math.cos(query.anim_time*720)*10", "math.sin(query.anim_time*720)*10"]
						},
						"3.0": {
							"vector": [0, 0, 0]
						},
						"5.0": {
							"vector": [0, 0, 0]
						},
						"5.1": {
							"vector": [0, "math.cos(query.anim_time*720)*10", "math.sin(query.anim_time*720)*10"]
						},
						"6.4": {
							"vector": [0, "math.cos(query.anim_time*720)*10", "math.sin(query.anim_time*720)*10"]
						},
						"6.5": {
							"vector": [0, 0, 0]
						},
						"8.0": {
							"vector": [0, 0, 0]
						},
						"8.1": {
							"vector": [0, "math.cos(query.anim_time*720)*10", "math.sin(query.anim_time*720)*10"]
						},
						"12.4": {
							"vector": [0, "math.cos(query.anim_time*720)*10", "math.sin(query.anim_time*720)*10"]
						},
						"12.5": {
							"vector": [0, 0, 20]
						},
						"14.0": {
							"vector": [0, 0, 20]
						},
						"14.1": {
							"vector": [0, "math.cos(query.anim_time*720)*10", "math.sin(query.anim_time*720)*10"]
						},
						"14.9": {
							"vector": [0, "math.cos(query.anim_time*720)*10", "math.sin(query.anim_time*720)*10"]
						},
						"15.0": {
							"vector": [0, 0, 20]
						},
						"16.0": {
							"vector": [0, 0, 20]
						},
						"16.1": {
							"vector": [0, "math.cos(query.anim_time*720)*10", "math.sin(query.anim_time*720)*10"]
						},
						"17.9": {
							"vector": [0, "math.cos(query.anim_time*720)*10", "math.sin(query.anim_time*720)*10"]
						},
						"18.0": {
							"vector": [0, 0, 0]
						}
					}
				},
				"leg2": {
					"rotation": {
						"2.0": {
							"vector": [0, 0, 0]
						},
						"2.1": {
							"vector": [0, "math.cos(query.anim_time*720)*10", "math.sin(query.anim_time*720)*10"]
						},
						"2.9": {
							"vector": [0, "math.cos(query.anim_time*720)*10", "math.sin(query.anim_time*720)*10"]
						},
						"3.0": {
							"vector": [0, 0, 0]
						},
						"5.0": {
							"vector": [0, 0, 0]
						},
						"5.1": {
							"vector": [0, "math.cos(query.anim_time*720)*10", "math.sin(query.anim_time*720)*10"]
						},
						"6.4": {
							"vector": [0, "math.cos(query.anim_time*720)*10", "math.sin(query.anim_time*720)*10"]
						},
						"6.5": {
							"vector": [0, 0, 0]
						},
						"8.0": {
							"vector": [0, 0, 0]
						},
						"8.1": {
							"vector": [0, "math.cos(query.anim_time*720)*10", "math.sin(query.anim_time*720)*10"]
						},
						"12.4": {
							"vector": [0, "math.cos(query.anim_time*720)*10", "math.sin(query.anim_time*720)*10"]
						},
						"12.5": {
							"vector": [0, 0, -20]
						},
						"14.0": {
							"vector": [0, 0, -20]
						},
						"14.1": {
							"vector": [0, "math.cos(query.anim_time*720)*10", "math.sin(query.anim_time*720)*10"]
						},
						"14.9": {
							"vector": [0, "math.cos(query.anim_time*720)*10", "math.sin(query.anim_time*720)*10"]
						},
						"15.0": {
							"vector": [0, 0, -20]
						},
						"16.0": {
							"vector": [0, 0, -20]
						},
						"16.1": {
							"vector": [0, "math.cos(query.anim_time*720)*10", "math.sin(query.anim_time*720)*10"]
						},
						"17.9": {
							"vector": [0, "math.cos(query.anim_time*720)*10", "math.sin(query.anim_time*720)*10"]
						},
						"18.0": {
							"vector": [0, 0, 0]
						}
					}
				},
				"leg3": {
					"rotation": {
						"2.0": {
							"vector": [0, 0, 0]
						},
						"2.1": {
							"vector": [0, "math.sin(query.anim_time*720)*10", "math.cos(query.anim_time*720)*10"]
						},
						"2.9": {
							"vector": [0, "math.sin(query.anim_time*720)*10", "math.cos(query.anim_time*720)*10"]
						},
						"3.0": {
							"vector": [0, 0, 0]
						},
						"5.0": {
							"vector": [0, 0, 0]
						},
						"5.1": {
							"vector": [0, "math.sin(query.anim_time*720)*10", "math.cos(query.anim_time*720)*10"]
						},
						"6.4": {
							"vector": [0, "math.sin(query.anim_time*720)*10", "math.cos(query.anim_time*720)*10"]
						},
						"6.5": {
							"vector": [0, 0, 0]
						},
						"8.0": {
							"vector": [0, 0, 0]
						},
						"8.1": {
							"vector": [0, "math.sin(query.anim_time*720)*10", "math.cos(query.anim_time*720)*10"]
						},
						"12.4": {
							"vector": [0, "math.sin(query.anim_time*720)*10", "math.cos(query.anim_time*720)*10"]
						},
						"12.5": {
							"vector": [0, 0, 20]
						},
						"14.0": {
							"vector": [0, 0, 20]
						},
						"14.1": {
							"vector": [0, "math.sin(query.anim_time*720)*10", "math.cos(query.anim_time*720)*10"]
						},
						"14.9": {
							"vector": [0, "math.sin(query.anim_time*720)*10", "math.cos(query.anim_time*720)*10"]
						},
						"15.0": {
							"vector": [0, 0, 20]
						},
						"16.0": {
							"vector": [0, 0, 20]
						},
						"16.1": {
							"vector": [0, "math.sin(query.anim_time*720)*10", "math.cos(query.anim_time*720)*10"]
						},
						"17.9": {
							"vector": [0, "math.sin(query.anim_time*720)*10", "math.cos(query.anim_time*720)*10"]
						},
						"18.0": {
							"vector": [0, 0, 0]
						}
					}
				},
				"tail": {
					"rotation": {
						"2.2": {
							"vector": [0, 0, 0]
						},
						"2.5": {
							"vector": [80, 0, 0],
							"easing": "easeInOutSine"
						},
						"3.0": {
							"vector": [0, 0, 0],
							"easing": "easeInOutSine"
						},
						"5.4": {
							"vector": [0, 0, 0]
						},
						"5.7": {
							"vector": [80, 0, 0],
							"easing": "easeInOutSine"
						},
						"6.1": {
							"vector": [0, 0, 0]
						},
						"6.5": {
							"vector": [90, 0, 0],
							"easing": "easeInOutSine"
						},
						"8.0": {
							"vector": [90, 0, 0]
						},
						"9.0": {
							"vector": [0, 0, 0],
							"easing": "easeInOutSine"
						},
						"10.98": {
							"vector": [0, 0, 0]
						},
						"11.5": {
							"vector": [20, 0, 0],
							"easing": "easeInOutSine"
						},
						"12.0": {
							"vector": [-10, 0, 0],
							"easing": "easeInOutSine"
						},
						"14.0": {
							"vector": [-10, 0, 0]
						},
						"14.5": {
							"vector": [0, -60, 0],
							"easing": "easeInSine"
						},
						"15.0": {
							"vector": [10, 0, 0],
							"easing": "easeInSine"
						},
						"16.0": {
							"vector": [10, 0, 0]
						},
						"17.0": {
							"vector": [0, 0, 0],
							"easing": "easeInOutSine"
						}
					}
				}
			}
		},
		"misc.idle": {
			"loop": true,
			"animation_length": 22,
			"bones": {
				"gecko": {
					"rotation": {
						"6.2": {
							"vector": [0, 0, 0]
						},
						"6.56": {
							"vector": [-90, -45, -22.5],
							"easing": "easeOutSine"
						},
						"7.0": {
							"vector": [-90, -45, -10],
							"easing": "easeInOutSine"
						},
						"9.0": {
							"vector": [-90, -45, -10]
						},
						"9.4": {
							"vector": [-90, -45, -90],
							"easing": "easeInOutSine"
						},
						"9.82": {
							"vector": [-180, -45, -90],
							"easing": "easeInSine"
						},
						"10.14": {
							"vector": [-180, -45, -90]
						},
						"10.5": {
							"vector": [-270, -75, -90],
							"easing": "easeInOutSine"
						},
						"12.0": {
							"vector": [-270, -75, -90],
							"easing": "easeInOutSine"
						},
						"13.0": {
							"vector": [-260, -90, -42.5],
							"easing": "easeInOutSine"
						},
						"13.5": {
							"vector": [-285, -120, -32.5]
						},
						"14.5": {
							"vector": [-180, -130, -180],
							"easing": "easeInSine"
						},
						"15.0": {
							"vector": [-180, -130, -180]
						},
						"15.7": {
							"vector": [-220, -105, -180]
						},
						"16.0": {
							"vector": [-216.98, -103.42, -175.84],
							"easing": "easeOutSine"
						},
						"16.5": {
							"vector": [-228.96715, -76.83543, -171.68994],
							"easing": "easeInOutSine"
						},
						"18.0": {
							"vector": [-228.97, -76.84, -171.69]
						},
						"18.54": {
							"vector": [-273.03441, -70.91662, -72.98887],
							"easing": "linear"
						},
						"19.0": {
							"vector": [-310, -15, 8.5],
							"easing": "linear"
						},
						"20.0": {
							"vector": [-310, -15, 8.5]
						},
						"20.32": {
							"vector": [-298.09176, -5.88, 7.60588]
						},
						"21.0": {
							"vector": [-355.2069, 33.16608, 4.14945]
						},
						"22.0": {
							"vector": [-360, 0, 0],
							"easing": "easeOutSine"
						}
					},
					"position": {
						"0.0": {
							"vector": [0, "0.1+math.cos(query.anim_time*90)*-0.1", 0]
						},
						"6.0": {
							"vector": [0, 0, 0]
						},
						"6.2": {
							"vector": [-1.54, 0, -1.1],
							"easing": "easeInSine"
						},
						"6.5": {
							"vector": [-3.59, 3, -5],
							"easing": "easeOutSine"
						},
						"7.0": {
							"vector": [-6, 8, -5],
							"easing": "easeInOutSine"
						},
						"9.0": {
							"vector": [-6, 8, -5]
						},
						"9.4": {
							"vector": [-10, 8, -5],
							"easing": "easeInOutSine"
						},
						"9.82": {
							"vector": [-14.5, 8, -2],
							"easing": "easeInSine"
						},
						"10.14": {
							"vector": [-13.82, 8, 2.36]
						},
						"10.5": {
							"vector": [-10.5, 8, 5],
							"easing": "easeInOutSine"
						},
						"12.0": {
							"vector": [-10.5, 8, 5],
							"easing": "easeInOutSine"
						},
						"13.0": {
							"vector": [-7.5, 3, 3],
							"easing": "easeInOutSine"
						},
						"14.5": {
							"vector": [3.5, 0, 3],
							"easing": "easeInSine"
						},
						"15.0": {
							"vector": [6.5, 0, 3]
						},
						"16.5": {
							"vector": [13.38, 5.88, 5.5],
							"easing": "easeOutSine"
						},
						"18.0": {
							"vector": [13.38, 5.88, 5.5]
						},
						"19.0": {
							"vector": [13.38, 5.88, 5.5],
							"easing": "linear"
						},
						"20.0": {
							"vector": [13.38, 5.88, 5.5]
						},
						"20.34": {
							"vector": [11.73, 3.41, 4.62]
						},
						"20.72": {
							"vector": [7.1, 0.55, -0.43]
						},
						"21.0": {
							"vector": [4.87, 0, -0.3]
						},
						"22.0": {
							"vector": [0, 0, 0],
							"easing": "easeOutSine"
						}
					},
					"scale": {
						"vector": [1, "1+math.sin(query.anim_time*180)*0.05", 1]
					}
				},
				"head": {
					"rotation": {
						"0.0": {
							"vector": ["math.sin(query.anim_time*90)*2", 0, 0]
						},
						"6.1": {
							"vector": [0, 0, 0]
						},
						"6.3": {
							"vector": [-20, 0, 0],
							"easing": "easeInOutSine"
						},
						"6.5": {
							"vector": [0, 0, 0],
							"easing": "easeInOutSine"
						},
						"9.4": {
							"vector": [0, 0, 0]
						},
						"9.6": {
							"vector": [-35, 0, 0],
							"easing": "easeInOutSine"
						},
						"9.8": {
							"vector": [0, 0, 0],
							"easing": "easeInOutSine"
						},
						"10.04": {
							"vector": [0, 0, 0]
						},
						"10.24": {
							"vector": [-20, 0, 0],
							"easing": "easeInOutSine"
						},
						"10.44": {
							"vector": [0, 0, 0],
							"easing": "easeInOutSine"
						},
						"12.98": {
							"vector": [0, 0, 0]
						},
						"13.5": {
							"vector": [-20, 0, 0],
							"easing": "easeInOutSine"
						},
						"14.5": {
							"vector": [0, 0, 0],
							"easing": "easeInOutSine"
						},
						"14.98": {
							"vector": [0, 0, 0]
						},
						"15.18": {
							"vector": [-20, 0, 0],
							"easing": "easeInOutSine"
						},
						"16.0": {
							"vector": [-20, 0, 0],
							"easing": "easeInOutSine"
						},
						"16.5": {
							"vector": [0, 0, 0],
							"easing": "easeInOutSine"
						},
						"18.0": {
							"vector": [0, 0, 0]
						},
						"18.54": {
							"vector": [0, 60, 0],
							"easing": "linear"
						},
						"19.0": {
							"vector": [0, 0, 0],
							"easing": "linear"
						},
						"20.0": {
							"vector": [0, 0, 0],
							"easing": "linear"
						},
						"20.5": {
							"vector": [-20, 0, 0]
						},
						"21.0": {
							"vector": [0, 0, 0],
							"easing": "easeInOutSine"
						}
					}
				},
				"leg0": {
					"rotation": {
						"0.0": {
							"vector": [0, 0, "-3+math.cos(query.anim_time*90)*3"]
						},
						"6.0": {
							"vector": [0, 0, 0]
						},
						"6.1": {
							"vector": [0, "math.sin(query.anim_time*720)*10", "math.cos(query.anim_time*720)*10"]
						},
						"6.9": {
							"vector": [0, "math.sin(query.anim_time*720)*10", "math.cos(query.anim_time*720)*10"]
						},
						"7.0": {
							"vector": [0, 0, 0]
						},
						"9.0": {
							"vector": [0, 0, 0]
						},
						"9.1": {
							"vector": [0, "math.sin(query.anim_time*720)*10", "math.cos(query.anim_time*720)*10"]
						},
						"10.4": {
							"vector": [0, "math.sin(query.anim_time*720)*10", "math.cos(query.anim_time*720)*10"]
						},
						"10.5": {
							"vector": [0, 0, 0]
						},
						"12.0": {
							"vector": [0, 0, 0]
						},
						"12.1": {
							"vector": [0, "math.sin(query.anim_time*720)*10", "math.cos(query.anim_time*720)*10"]
						},
						"16.4": {
							"vector": [0, "math.sin(query.anim_time*720)*10", "math.cos(query.anim_time*720)*10"]
						},
						"16.5": {
							"vector": [0, 0, -20]
						},
						"18.0": {
							"vector": [0, 0, -20]
						},
						"18.1": {
							"vector": [0, "math.sin(query.anim_time*720)*10", "math.cos(query.anim_time*720)*10"]
						},
						"18.9": {
							"vector": [0, "math.sin(query.anim_time*720)*10", "math.cos(query.anim_time*720)*10"]
						},
						"19.0": {
							"vector": [0, 0, -20]
						},
						"20.0": {
							"vector": [0, 0, -20]
						},
						"20.1": {
							"vector": [0, "math.sin(query.anim_time*720)*10", "math.cos(query.anim_time*720)*10"]
						},
						"21.9": {
							"vector": [0, "math.sin(query.anim_time*720)*10", "math.cos(query.anim_time*720)*10"]
						},
						"22.0": {
							"vector": [0, 0, 0]
						}
					}
				},
				"leg1": {
					"rotation": {
						"0.0": {
							"vector": [0, 0, "3+math.cos(query.anim_time*90)*-3"]
						},
						"6.0": {
							"vector": [0, 0, 0]
						},
						"6.1": {
							"vector": [0, "math.cos(query.anim_time*720)*10", "math.sin(query.anim_time*720)*10"]
						},
						"6.9": {
							"vector": [0, "math.cos(query.anim_time*720)*10", "math.sin(query.anim_time*720)*10"]
						},
						"7.0": {
							"vector": [0, 0, 0]
						},
						"9.0": {
							"vector": [0, 0, 0]
						},
						"9.1": {
							"vector": [0, "math.cos(query.anim_time*720)*10", "math.sin(query.anim_time*720)*10"]
						},
						"10.4": {
							"vector": [0, "math.cos(query.anim_time*720)*10", "math.sin(query.anim_time*720)*10"]
						},
						"10.5": {
							"vector": [0, 0, 0]
						},
						"12.0": {
							"vector": [0, 0, 0]
						},
						"12.1": {
							"vector": [0, "math.cos(query.anim_time*720)*10", "math.sin(query.anim_time*720)*10"]
						},
						"16.4": {
							"vector": [0, "math.cos(query.anim_time*720)*10", "math.sin(query.anim_time*720)*10"]
						},
						"16.5": {
							"vector": [0, 0, 20]
						},
						"18.0": {
							"vector": [0, 0, 20]
						},
						"18.1": {
							"vector": [0, "math.cos(query.anim_time*720)*10", "math.sin(query.anim_time*720)*10"]
						},
						"18.9": {
							"vector": [0, "math.cos(query.anim_time*720)*10", "math.sin(query.anim_time*720)*10"]
						},
						"19.0": {
							"vector": [0, 0, 20]
						},
						"20.0": {
							"vector": [0, 0, 20]
						},
						"20.1": {
							"vector": [0, "math.cos(query.anim_time*720)*10", "math.sin(query.anim_time*720)*10"]
						},
						"21.9": {
							"vector": [0, "math.cos(query.anim_time*720)*10", "math.sin(query.anim_time*720)*10"]
						},
						"22.0": {
							"vector": [0, 0, 0]
						}
					}
				},
				"leg2": {
					"rotation": {
						"0.0": {
							"vector": [0, 0, "-3+math.cos(query.anim_time*90)*3"]
						},
						"6.0": {
							"vector": [0, 0, 0]
						},
						"6.1": {
							"vector": [0, "math.cos(query.anim_time*720)*10", "math.sin(query.anim_time*720)*10"]
						},
						"6.9": {
							"vector": [0, "math.cos(query.anim_time*720)*10", "math.sin(query.anim_time*720)*10"]
						},
						"7.0": {
							"vector": [0, 0, 0]
						},
						"9.0": {
							"vector": [0, 0, 0]
						},
						"9.1": {
							"vector": [0, "math.cos(query.anim_time*720)*10", "math.sin(query.anim_time*720)*10"]
						},
						"10.4": {
							"vector": [0, "math.cos(query.anim_time*720)*10", "math.sin(query.anim_time*720)*10"]
						},
						"10.5": {
							"vector": [0, 0, 0]
						},
						"12.0": {
							"vector": [0, 0, 0]
						},
						"12.1": {
							"vector": [0, "math.cos(query.anim_time*720)*10", "math.sin(query.anim_time*720)*10"]
						},
						"16.4": {
							"vector": [0, "math.cos(query.anim_time*720)*10", "math.sin(query.anim_time*720)*10"]
						},
						"16.5": {
							"vector": [0, 0, -20]
						},
						"18.0": {
							"vector": [0, 0, -20]
						},
						"18.1": {
							"vector": [0, "math.cos(query.anim_time*720)*10", "math.sin(query.anim_time*720)*10"]
						},
						"18.9": {
							"vector": [0, "math.cos(query.anim_time*720)*10", "math.sin(query.anim_time*720)*10"]
						},
						"19.0": {
							"vector": [0, 0, -20]
						},
						"20.0": {
							"vector": [0, 0, -20]
						},
						"20.1": {
							"vector": [0, "math.cos(query.anim_time*720)*10", "math.sin(query.anim_time*720)*10"]
						},
						"21.9": {
							"vector": [0, "math.cos(query.anim_time*720)*10", "math.sin(query.anim_time*720)*10"]
						},
						"22.0": {
							"vector": [0, 0, 0]
						}
					}
				},
				"leg3": {
					"rotation": {
						"0.0": {
							"vector": [0, 0, "3+math.cos(query.anim_time*90)*-3"]
						},
						"6.0": {
							"vector": [0, 0, 0]
						},
						"6.1": {
							"vector": [0, "math.sin(query.anim_time*720)*10", "math.cos(query.anim_time*720)*10"]
						},
						"6.9": {
							"vector": [0, "math.sin(query.anim_time*720)*10", "math.cos(query.anim_time*720)*10"]
						},
						"7.0": {
							"vector": [0, 0, 0]
						},
						"9.0": {
							"vector": [0, 0, 0]
						},
						"9.1": {
							"vector": [0, "math.sin(query.anim_time*720)*10", "math.cos(query.anim_time*720)*10"]
						},
						"10.4": {
							"vector": [0, "math.sin(query.anim_time*720)*10", "math.cos(query.anim_time*720)*10"]
						},
						"10.5": {
							"vector": [0, 0, 0]
						},
						"12.0": {
							"vector": [0, 0, 0]
						},
						"12.1": {
							"vector": [0, "math.sin(query.anim_time*720)*10", "math.cos(query.anim_time*720)*10"]
						},
						"16.4": {
							"vector": [0, "math.sin(query.anim_time*720)*10", "math.cos(query.anim_time*720)*10"]
						},
						"16.5": {
							"vector": [0, 0, 20]
						},
						"18.0": {
							"vector": [0, 0, 20]
						},
						"18.1": {
							"vector": [0, "math.sin(query.anim_time*720)*10", "math.cos(query.anim_time*720)*10"]
						},
						"18.9": {
							"vector": [0, "math.sin(query.anim_time*720)*10", "math.cos(query.anim_time*720)*10"]
						},
						"19.0": {
							"vector": [0, 0, 20]
						},
						"20.0": {
							"vector": [0, 0, 20]
						},
						"20.1": {
							"vector": [0, "math.sin(query.anim_time*720)*10", "math.cos(query.anim_time*720)*10"]
						},
						"21.9": {
							"vector": [0, "math.sin(query.anim_time*720)*10", "math.cos(query.anim_time*720)*10"]
						},
						"22.0": {
							"vector": [0, 0, 0]
						}
					}
				},
				"tail": {
					"rotation": {
						"0.0": {
							"vector": ["math.cos(query.anim_time*90)*5", "math.sin(query.anim_time*90)*5", 0]
						},
						"6.2": {
							"vector": [0, 0, 0]
						},
						"6.5": {
							"vector": [80, 0, 0],
							"easing": "easeInOutSine"
						},
						"7.0": {
							"vector": [0, 0, 0],
							"easing": "easeInOutSine"
						},
						"9.4": {
							"vector": [0, 0, 0]
						},
						"9.7": {
							"vector": [80, 0, 0],
							"easing": "easeInOutSine"
						},
						"10.1": {
							"vector": [0, 0, 0]
						},
						"10.5": {
							"vector": [90, 0, 0],
							"easing": "easeInOutSine"
						},
						"12.0": {
							"vector": [90, 0, 0]
						},
						"13.0": {
							"vector": [0, 0, 0],
							"easing": "easeInOutSine"
						},
						"14.98": {
							"vector": [0, 0, 0]
						},
						"15.5": {
							"vector": [20, 0, 0],
							"easing": "easeInOutSine"
						},
						"16.0": {
							"vector": [-10, 0, 0],
							"easing": "easeInOutSine"
						},
						"18.0": {
							"vector": [-10, 0, 0]
						},
						"18.5": {
							"vector": [0, -60, 0],
							"easing": "easeInSine"
						},
						"19.0": {
							"vector": [10, 0, 0],
							"easing": "easeInSine"
						},
						"20.0": {
							"vector": [10, 0, 0]
						},
						"21.0": {
							"vector": [0, 0, 0],
							"easing": "easeInOutSine"
						}
					}
				}
			}
		}
	}
}