{
	"format_version": "1.8.0",
	"animations": {
		"misc.idle": {
			"loop": true,
			"animation_length": 4,
			"bones": {
				"r_finger_1": {
					"rotation": {
						"vector": [0, 0, "-10+math.sin(-120+query.anim_time*180)*10"]
					}
				},
				"r_finger_2": {
					"rotation": {
						"vector": [0, 0, "-10+math.sin(query.anim_time*180)*10"]
					}
				},
				"r_finger_3": {
					"rotation": {
						"vector": [0, 0, "-10+math.sin(-240+query.anim_time*180)*10"]
					}
				},
				"r_toe_1": {
					"rotation": {
						"vector": ["-5+math.cos(-120+query.anim_time*180)*5", 0, 0]
					}
				},
				"r_toe_2": {
					"rotation": {
						"vector": ["-5+math.cos(query.anim_time*180)*5", 0, 0]
					}
				},
				"r_toe_3": {
					"rotation": {
						"vector": ["-5+math.cos(-240+query.anim_time*180)*5", 0, 0]
					}
				},
				"tail_0": {
					"rotation": {
						"vector": [0, "math.sin(query.anim_time*90)*10", 0]
					}
				},
				"tail_1": {
					"rotation": {
						"vector": [0, "math.sin(-72+query.anim_time*90)*15", 0]
					}
				},
				"tail_2": {
					"rotation": {
						"vector": [0, "math.sin(-144+query.anim_time*90)*20", 0]
					}
				},
				"eye_0": {
					"scale": {
						"2.5": {
							"vector": [1, 1, 1]
						},
						"2.6": {
							"vector": [1, 0.1, 1.1]
						},
						"2.8": {
							"vector": [1, 1, 1]
						}
					}
				},
				"r_finger_4": {
					"rotation": {
						"vector": [0, 0, "10+math.sin(-120+query.anim_time*180)*-10"]
					}
				},
				"r_finger_5": {
					"rotation": {
						"vector": [0, 0, "10+math.sin(query.anim_time*180)*-10"]
					}
				},
				"r_finger_6": {
					"rotation": {
						"vector": [0, 0, "10+math.sin(-240+query.anim_time*180)*-10"]
					}
				},
				"r_toe_4": {
					"rotation": {
						"vector": ["-5+math.cos(-120+query.anim_time*180)*5", 0, 0]
					}
				},
				"r_toe_5": {
					"rotation": {
						"vector": ["-5+math.cos(-240+query.anim_time*180)*5", 0, 0]
					}
				},
				"r_toe_6": {
					"rotation": {
						"vector": ["-5+math.cos(query.anim_time*180)*5", 0, 0]
					}
				},
				"eye_1": {
					"scale": {
						"2.5": {
							"vector": [1, 1, 1]
						},
						"2.6": {
							"vector": [1, 0.1, 1.1]
						},
						"2.8": {
							"vector": [1, 1, 1]
						}
					}
				}
			}
		}
	},
	"geckolib_format_version": 2
}